mode: set
github.com/UFFeScience/akoflow/cmd/akoflow/main.go:9.13,16.2 3 0
github.com/UFFeScience/akoflow/cmd/server/main.go:13.13,27.2 8 0
github.com/UFFeScience/akoflow/internal/api/handlers/internal_storage_handler/internal_storage_handler.go:21.67,23.16 2 1
github.com/UFFeScience/akoflow/internal/api/handlers/internal_storage_handler/internal_storage_handler.go:23.16,25.3 1 0
github.com/UFFeScience/akoflow/internal/api/handlers/internal_storage_handler/internal_storage_handler.go:26.2,26.24 1 1
github.com/UFFeScience/akoflow/internal/api/handlers/internal_storage_handler/internal_storage_handler.go:29.36,35.2 1 0
github.com/UFFeScience/akoflow/internal/api/handlers/internal_storage_handler/internal_storage_handler.go:37.97,48.2 6 1
github.com/UFFeScience/akoflow/internal/api/handlers/internal_storage_handler/internal_storage_handler.go:50.93,60.2 6 1
github.com/UFFeScience/akoflow/internal/api/handlers/internal_storage_handler/internal_storage_handler.go:62.97,72.2 6 1
github.com/UFFeScience/akoflow/internal/api/handlers/internal_storage_handler/internal_storage_handler.go:74.93,84.2 6 1
github.com/UFFeScience/akoflow/internal/api/handlers/internal_storage_handler/internal_storage_handler.go:86.100,90.16 4 1
github.com/UFFeScience/akoflow/internal/api/handlers/internal_storage_handler/internal_storage_handler.go:90.16,93.3 2 1
github.com/UFFeScience/akoflow/internal/api/handlers/internal_storage_handler/internal_storage_handler.go:95.2,109.60 4 1
github.com/UFFeScience/akoflow/internal/api/handlers/internal_storage_handler/internal_storage_handler.go:109.60,112.3 2 0
github.com/UFFeScience/akoflow/internal/api/handlers/runtime_api_handler/runtimes_api_handler.go:21.31,26.2 1 1
github.com/UFFeScience/akoflow/internal/api/handlers/runtime_api_handler/runtimes_api_handler.go:28.67,30.2 1 1
github.com/UFFeScience/akoflow/internal/api/handlers/runtime_api_handler/runtimes_api_handler.go:32.85,35.16 2 1
github.com/UFFeScience/akoflow/internal/api/handlers/runtime_api_handler/runtimes_api_handler.go:35.16,38.3 2 1
github.com/UFFeScience/akoflow/internal/api/handlers/runtime_api_handler/runtimes_api_handler.go:40.2,42.48 3 1
github.com/UFFeScience/akoflow/internal/api/handlers/storage_databasedump_handler/storage_databasedump_handler.go:13.40,15.2 1 1
github.com/UFFeScience/akoflow/internal/api/handlers/storage_databasedump_handler/storage_databasedump_handler.go:17.98,18.25 1 1
github.com/UFFeScience/akoflow/internal/api/handlers/storage_databasedump_handler/storage_databasedump_handler.go:18.25,21.3 2 1
github.com/UFFeScience/akoflow/internal/api/handlers/storage_databasedump_handler/storage_databasedump_handler.go:23.2,27.28 4 1
github.com/UFFeScience/akoflow/internal/api/handlers/storage_databasedump_handler/storage_databasedump_handler.go:31.60,35.16 2 1
github.com/UFFeScience/akoflow/internal/api/handlers/storage_databasedump_handler/storage_databasedump_handler.go:35.16,37.3 1 1
github.com/UFFeScience/akoflow/internal/api/handlers/storage_databasedump_handler/storage_databasedump_handler.go:39.2,39.13 1 1
github.com/UFFeScience/akoflow/internal/api/handlers/workflow_engine_api_handler/workflow_engine_api_handler.go:43.21,49.2 1 0
github.com/UFFeScience/akoflow/internal/api/handlers/workflow_engine_api_handler/workflow_engine_api_handler.go:51.62,57.2 1 1
github.com/UFFeScience/akoflow/internal/api/handlers/workflow_engine_api_handler/workflow_engine_api_handler.go:59.77,61.32 2 1
github.com/UFFeScience/akoflow/internal/api/handlers/workflow_engine_api_handler/workflow_engine_api_handler.go:61.32,63.3 1 0
github.com/UFFeScience/akoflow/internal/api/handlers/workflow_engine_api_handler/workflow_engine_api_handler.go:64.2,64.58 1 1
github.com/UFFeScience/akoflow/internal/api/handlers/workflow_engine_api_handler/workflow_engine_api_handler.go:64.58,67.3 2 0
github.com/UFFeScience/akoflow/internal/api/handlers/workflow_engine_api_handler/workflow_engine_api_handler.go:68.2,68.46 1 1
github.com/UFFeScience/akoflow/internal/api/handlers/workflow_engine_api_handler/workflow_engine_api_handler.go:71.74,73.32 2 1
github.com/UFFeScience/akoflow/internal/api/handlers/workflow_engine_api_handler/workflow_engine_api_handler.go:73.32,75.3 1 1
github.com/UFFeScience/akoflow/internal/api/handlers/workflow_engine_api_handler/workflow_engine_api_handler.go:76.2,76.55 1 0
github.com/UFFeScience/akoflow/internal/api/handlers/workflow_engine_api_handler/workflow_engine_api_handler.go:76.55,79.3 2 0
github.com/UFFeScience/akoflow/internal/api/handlers/workflow_engine_api_handler/workflow_engine_api_handler.go:80.2,80.46 1 0
github.com/UFFeScience/akoflow/internal/api/handlers/workflow_engine_api_handler/workflow_engine_api_handler.go:89.70,91.29 2 1
github.com/UFFeScience/akoflow/internal/api/handlers/workflow_engine_api_handler/workflow_engine_api_handler.go:91.29,93.3 1 0
github.com/UFFeScience/akoflow/internal/api/handlers/workflow_engine_api_handler/workflow_engine_api_handler.go:94.2,94.96 1 1
github.com/UFFeScience/akoflow/internal/api/handlers/workflow_engine_api_handler/workflow_engine_api_handler.go:94.96,97.3 2 1
github.com/UFFeScience/akoflow/internal/api/handlers/workflow_engine_api_handler/workflow_engine_api_handler.go:98.2,98.51 1 0
github.com/UFFeScience/akoflow/internal/api/handlers/workflow_engine_api_handler/workflow_engine_api_handler.go:98.51,101.3 2 0
github.com/UFFeScience/akoflow/internal/api/handlers/workflow_engine_api_handler/workflow_engine_api_handler.go:102.2,102.48 1 0
github.com/UFFeScience/akoflow/internal/api/handlers/workflow_engine_api_handler/workflow_engine_api_handler.go:105.67,107.16 2 1
github.com/UFFeScience/akoflow/internal/api/handlers/workflow_engine_api_handler/workflow_engine_api_handler.go:107.16,110.3 2 0
github.com/UFFeScience/akoflow/internal/api/handlers/workflow_engine_api_handler/workflow_engine_api_handler.go:111.2,111.17 1 1
github.com/UFFeScience/akoflow/internal/api/handlers/workflow_engine_api_handler/workflow_engine_api_handler.go:111.17,114.3 2 1
github.com/UFFeScience/akoflow/internal/api/handlers/workflow_engine_api_handler/workflow_engine_api_handler.go:115.2,115.35 1 1
github.com/UFFeScience/akoflow/internal/api/handlers/workflow_engine_api_handler/workflow_engine_api_handler.go:118.68,120.29 2 1
github.com/UFFeScience/akoflow/internal/api/handlers/workflow_engine_api_handler/workflow_engine_api_handler.go:120.29,122.3 1 0
github.com/UFFeScience/akoflow/internal/api/handlers/workflow_engine_api_handler/workflow_engine_api_handler.go:123.2,126.51 4 1
github.com/UFFeScience/akoflow/internal/api/handlers/workflow_engine_api_handler/workflow_engine_api_handler.go:126.51,129.3 2 0
github.com/UFFeScience/akoflow/internal/api/handlers/workflow_engine_api_handler/workflow_engine_api_handler.go:130.2,131.16 2 1
github.com/UFFeScience/akoflow/internal/api/handlers/workflow_engine_api_handler/workflow_engine_api_handler.go:131.16,134.3 2 0
github.com/UFFeScience/akoflow/internal/api/handlers/workflow_engine_api_handler/workflow_engine_api_handler.go:135.2,135.47 1 1
github.com/UFFeScience/akoflow/internal/api/handlers/workflow_engine_api_handler/workflow_engine_api_handler.go:135.47,138.3 2 0
github.com/UFFeScience/akoflow/internal/api/handlers/workflow_engine_api_handler/workflow_engine_api_handler.go:139.2,139.41 1 1
github.com/UFFeScience/akoflow/internal/api/handlers/workflow_engine_api_handler/workflow_engine_api_handler.go:142.70,145.47 3 1
github.com/UFFeScience/akoflow/internal/api/handlers/workflow_engine_api_handler/workflow_engine_api_handler.go:145.47,148.3 2 1
github.com/UFFeScience/akoflow/internal/api/handlers/workflow_engine_api_handler/workflow_engine_api_handler.go:149.2,149.13 1 1
github.com/UFFeScience/akoflow/internal/api/handlers/workflow_engine_api_handler/workflow_engine_api_handler.go:152.62,156.2 3 1
github.com/UFFeScience/akoflow/internal/api/handlers/workflow_engine_api_handler/workflow_engine_api_handler.go:158.63,160.16 2 1
github.com/UFFeScience/akoflow/internal/api/handlers/workflow_engine_api_handler/workflow_engine_api_handler.go:160.16,162.3 1 1
github.com/UFFeScience/akoflow/internal/api/handlers/workflow_engine_api_handler/workflow_engine_api_handler.go:163.2,163.59 1 1
github.com/UFFeScience/akoflow/internal/api/handlers/schedule_api_handler/schedule_api_handler.go:29.32,35.2 1 1
github.com/UFFeScience/akoflow/internal/api/handlers/schedule_api_handler/schedule_api_handler.go:37.111,39.2 1 1
github.com/UFFeScience/akoflow/internal/api/handlers/schedule_api_handler/schedule_api_handler.go:41.87,43.16 2 1
github.com/UFFeScience/akoflow/internal/api/handlers/schedule_api_handler/schedule_api_handler.go:43.16,46.3 2 1
github.com/UFFeScience/akoflow/internal/api/handlers/schedule_api_handler/schedule_api_handler.go:48.2,50.49 3 1
github.com/UFFeScience/akoflow/internal/api/handlers/schedule_api_handler/schedule_api_handler.go:59.85,62.70 2 1
github.com/UFFeScience/akoflow/internal/api/handlers/schedule_api_handler/schedule_api_handler.go:62.70,65.3 2 1
github.com/UFFeScience/akoflow/internal/api/handlers/schedule_api_handler/schedule_api_handler.go:66.2,66.68 1 1
github.com/UFFeScience/akoflow/internal/api/handlers/schedule_api_handler/schedule_api_handler.go:66.68,69.3 2 1
github.com/UFFeScience/akoflow/internal/api/handlers/schedule_api_handler/schedule_api_handler.go:71.2,72.16 2 1
github.com/UFFeScience/akoflow/internal/api/handlers/schedule_api_handler/schedule_api_handler.go:72.16,75.3 2 1
github.com/UFFeScience/akoflow/internal/api/handlers/schedule_api_handler/schedule_api_handler.go:77.2,79.48 3 1
github.com/UFFeScience/akoflow/internal/api/handlers/schedule_api_handler/schedule_api_handler.go:82.82,86.16 3 1
github.com/UFFeScience/akoflow/internal/api/handlers/schedule_api_handler/schedule_api_handler.go:86.16,89.3 2 1
github.com/UFFeScience/akoflow/internal/api/handlers/schedule_api_handler/schedule_api_handler.go:91.2,93.48 3 1
github.com/UFFeScience/akoflow/internal/api/handlers/workflow_api_handler/workflow_api_handler.go:26.32,35.2 1 0
github.com/UFFeScience/akoflow/internal/api/handlers/workflow_api_handler/workflow_api_handler.go:43.24,45.2 1 1
github.com/UFFeScience/akoflow/internal/api/handlers/workflow_api_handler/workflow_api_handler.go:47.87,50.16 2 1
github.com/UFFeScience/akoflow/internal/api/handlers/workflow_api_handler/workflow_api_handler.go:50.16,53.3 2 1
github.com/UFFeScience/akoflow/internal/api/handlers/workflow_api_handler/workflow_api_handler.go:55.2,57.49 3 1
github.com/UFFeScience/akoflow/internal/api/handlers/workflow_api_handler/workflow_api_handler.go:60.82,63.16 3 1
github.com/UFFeScience/akoflow/internal/api/handlers/workflow_api_handler/workflow_api_handler.go:63.16,66.3 2 1
github.com/UFFeScience/akoflow/internal/api/handlers/workflow_api_handler/workflow_api_handler.go:68.2,70.16 2 1
github.com/UFFeScience/akoflow/internal/api/handlers/workflow_api_handler/workflow_api_handler.go:70.16,73.3 2 1
github.com/UFFeScience/akoflow/internal/api/handlers/workflow_api_handler/workflow_api_handler.go:75.2,77.48 3 1
github.com/UFFeScience/akoflow/internal/api/handlers/workflow_api_handler/workflow_api_handler.go:81.87,86.16 4 1
github.com/UFFeScience/akoflow/internal/api/handlers/workflow_api_handler/workflow_api_handler.go:86.16,89.3 2 1
github.com/UFFeScience/akoflow/internal/api/handlers/workflow_api_handler/workflow_api_handler.go:91.2,93.45 3 1
github.com/UFFeScience/akoflow/internal/api/handlers/workflow_handler/workflow_handler_run.go:23.29,27.2 1 1
github.com/UFFeScience/akoflow/internal/api/handlers/workflow_handler/workflow_handler_run.go:29.68,31.2 1 1
github.com/UFFeScience/akoflow/internal/api/handlers/workflow_handler/workflow_handler_run.go:33.74,36.16 3 1
github.com/UFFeScience/akoflow/internal/api/handlers/workflow_handler/workflow_handler_run.go:36.16,39.3 2 1
github.com/UFFeScience/akoflow/internal/api/handlers/workflow_handler/workflow_handler_run.go:41.2,45.16 3 1
github.com/UFFeScience/akoflow/internal/api/handlers/workflow_handler/workflow_handler_run.go:45.16,47.3 1 1
github.com/UFFeScience/akoflow/internal/api/handlers/workflow_handler/workflow_handler_run.go:49.2,59.16 2 1
github.com/UFFeScience/akoflow/internal/api/handlers/workflow_handler/workflow_handler_run.go:59.16,62.3 2 0
github.com/UFFeScience/akoflow/internal/api/handlers/workflow_handler/workflow_handler_run.go:64.2,67.16 4 1
github.com/UFFeScience/akoflow/internal/api/handlers/workflow_handler/workflow_handler_run.go:67.16,69.3 1 0
github.com/UFFeScience/akoflow/internal/api/mapper/mapper.go:5.39,9.43 3 1
github.com/UFFeScience/akoflow/internal/api/mapper/mapper.go:9.43,13.46 3 1
github.com/UFFeScience/akoflow/internal/api/mapper/mapper.go:13.46,14.27 1 1
github.com/UFFeScience/akoflow/internal/api/mapper/mapper.go:15.24,16.66 1 1
github.com/UFFeScience/akoflow/internal/api/mapper/mapper.go:17.38,18.77 1 1
github.com/UFFeScience/akoflow/internal/api/mapper/mapper.go:18.77,20.42 2 1
github.com/UFFeScience/akoflow/internal/api/mapper/mapper.go:20.42,24.43 3 1
github.com/UFFeScience/akoflow/internal/api/mapper/mapper.go:24.43,26.8 1 1
github.com/UFFeScience/akoflow/internal/api/mapper/mapper.go:26.13,26.50 1 1
github.com/UFFeScience/akoflow/internal/api/mapper/mapper.go:26.50,28.8 1 1
github.com/UFFeScience/akoflow/internal/api/mapper/mapper.go:30.6,30.25 1 1
github.com/UFFeScience/akoflow/internal/api/mapper/mapper.go:32.12,33.43 1 1
github.com/UFFeScience/akoflow/internal/api/mapper/mapper.go:33.43,35.6 1 1
github.com/UFFeScience/akoflow/internal/api/mapper/mapper_engine_api/mapper_engine_api.go:10.110,14.2 3 1
github.com/UFFeScience/akoflow/internal/api/mapper/mapper_engine_api/mapper_engine_api.go:16.118,18.30 2 1
github.com/UFFeScience/akoflow/internal/api/mapper/mapper_engine_api/mapper_engine_api.go:18.30,20.3 1 1
github.com/UFFeScience/akoflow/internal/api/mapper/mapper_engine_api/mapper_engine_api.go:21.2,21.20 1 1
github.com/UFFeScience/akoflow/internal/api/mapper/mapper_engine_api/mapper_engine_api.go:24.104,28.2 3 1
github.com/UFFeScience/akoflow/internal/api/mapper/mapper_engine_api/mapper_engine_api.go:30.112,32.29 2 1
github.com/UFFeScience/akoflow/internal/api/mapper/mapper_engine_api/mapper_engine_api.go:32.29,34.3 1 1
github.com/UFFeScience/akoflow/internal/api/mapper/mapper_engine_api/mapper_engine_api.go:35.2,35.19 1 1
github.com/UFFeScience/akoflow/internal/api/httpserver/cors.go:6.45,7.71 1 1
github.com/UFFeScience/akoflow/internal/api/httpserver/cors.go:7.71,11.28 4 1
github.com/UFFeScience/akoflow/internal/api/httpserver/cors.go:11.28,14.4 2 1
github.com/UFFeScience/akoflow/internal/api/httpserver/cors.go:15.3,15.20 1 1
github.com/UFFeScience/akoflow/internal/api/httpserver/httpserver.go:17.58,20.2 2 1
github.com/UFFeScience/akoflow/internal/api/httpserver/httpserver.go:22.20,71.16 25 0
github.com/UFFeScience/akoflow/internal/api/httpserver/httpserver.go:71.16,73.13 2 0
github.com/UFFeScience/akoflow/internal/application/services/file_disk_parser_service/file_list_parser_service.go:11.34,13.2 1 1
github.com/UFFeScience/akoflow/internal/application/services/file_disk_parser_service/file_list_parser_service.go:25.72,31.29 4 1
github.com/UFFeScience/akoflow/internal/application/services/file_disk_parser_service/file_list_parser_service.go:31.29,33.66 1 1
github.com/UFFeScience/akoflow/internal/application/services/file_disk_parser_service/file_list_parser_service.go:33.66,35.4 1 1
github.com/UFFeScience/akoflow/internal/application/services/file_disk_parser_service/file_list_parser_service.go:37.3,39.30 3 1
github.com/UFFeScience/akoflow/internal/application/services/file_disk_parser_service/file_list_parser_service.go:39.30,40.18 1 1
github.com/UFFeScience/akoflow/internal/application/services/file_disk_parser_service/file_list_parser_service.go:40.18,41.13 1 1
github.com/UFFeScience/akoflow/internal/application/services/file_disk_parser_service/file_list_parser_service.go:43.4,43.58 1 1
github.com/UFFeScience/akoflow/internal/application/services/file_disk_parser_service/file_list_parser_service.go:46.3,46.26 1 1
github.com/UFFeScience/akoflow/internal/application/services/file_disk_parser_service/file_list_parser_service.go:46.26,47.12 1 1
github.com/UFFeScience/akoflow/internal/application/services/file_disk_parser_service/file_list_parser_service.go:50.3,60.42 2 1
github.com/UFFeScience/akoflow/internal/application/services/file_disk_parser_service/file_list_parser_service.go:64.2,64.18 1 1
github.com/UFFeScience/akoflow/internal/application/services/file_disk_parser_service/file_list_parser_service.go:67.61,68.65 1 1
github.com/UFFeScience/akoflow/internal/application/services/file_disk_parser_service/file_list_parser_service.go:68.65,70.3 1 1
github.com/UFFeScience/akoflow/internal/application/services/file_disk_parser_service/file_list_parser_service.go:71.2,71.11 1 0
github.com/UFFeScience/akoflow/internal/application/services/file_disk_parser_service/file_list_parser_service.go:74.62,81.2 3 1
github.com/UFFeScience/akoflow/internal/application/services/file_spec_parser_service/file_spec_parser_service.go:12.34,14.2 1 1
github.com/UFFeScience/akoflow/internal/application/services/file_spec_parser_service/file_spec_parser_service.go:25.62,29.52 3 1
github.com/UFFeScience/akoflow/internal/application/services/file_spec_parser_service/file_spec_parser_service.go:29.52,30.21 1 1
github.com/UFFeScience/akoflow/internal/application/services/file_spec_parser_service/file_spec_parser_service.go:30.21,32.12 2 1
github.com/UFFeScience/akoflow/internal/application/services/file_spec_parser_service/file_spec_parser_service.go:35.3,36.22 2 1
github.com/UFFeScience/akoflow/internal/application/services/file_spec_parser_service/file_spec_parser_service.go:36.22,37.12 1 1
github.com/UFFeScience/akoflow/internal/application/services/file_spec_parser_service/file_spec_parser_service.go:40.3,40.43 1 1
github.com/UFFeScience/akoflow/internal/application/services/file_spec_parser_service/file_spec_parser_service.go:43.2,44.32 2 1
github.com/UFFeScience/akoflow/internal/application/services/file_spec_parser_service/file_spec_parser_service.go:47.66,53.22 3 1
github.com/UFFeScience/akoflow/internal/application/services/file_spec_parser_service/file_spec_parser_service.go:53.22,55.3 1 1
github.com/UFFeScience/akoflow/internal/application/services/file_spec_parser_service/file_spec_parser_service.go:58.2,73.3 7 1
github.com/UFFeScience/akoflow/internal/application/services/create_schedule_api_service/create_schedule_api_service.go:34.38,37.46 1 1
github.com/UFFeScience/akoflow/internal/application/services/create_schedule_api_service/create_schedule_api_service.go:37.46,37.95 1 0
github.com/UFFeScience/akoflow/internal/application/services/create_schedule_api_service/create_schedule_api_service.go:39.57,39.85 1 0
github.com/UFFeScience/akoflow/internal/application/services/create_schedule_api_service/create_schedule_api_service.go:41.2,41.58 1 1
github.com/UFFeScience/akoflow/internal/application/services/create_schedule_api_service/create_schedule_api_service.go:41.58,46.3 4 0
github.com/UFFeScience/akoflow/internal/application/services/create_schedule_api_service/create_schedule_api_service.go:47.2,48.16 2 1
github.com/UFFeScience/akoflow/internal/application/services/create_schedule_api_service/create_schedule_api_service.go:51.300,55.2 3 1
github.com/UFFeScience/akoflow/internal/application/services/create_schedule_api_service/create_schedule_api_service.go:57.85,68.16 8 1
github.com/UFFeScience/akoflow/internal/application/services/create_schedule_api_service/create_schedule_api_service.go:68.16,70.3 1 1
github.com/UFFeScience/akoflow/internal/application/services/create_schedule_api_service/create_schedule_api_service.go:71.2,74.60 3 1
github.com/UFFeScience/akoflow/internal/application/services/create_schedule_api_service/create_schedule_api_service.go:74.60,76.3 1 1
github.com/UFFeScience/akoflow/internal/application/services/create_schedule_api_service/create_schedule_api_service.go:78.2,78.54 1 1
github.com/UFFeScience/akoflow/internal/application/services/create_schedule_api_service/create_schedule_api_service.go:78.54,79.49 1 1
github.com/UFFeScience/akoflow/internal/application/services/create_schedule_api_service/create_schedule_api_service.go:79.49,81.4 1 1
github.com/UFFeScience/akoflow/internal/application/services/create_schedule_api_service/create_schedule_api_service.go:82.8,84.3 1 1
github.com/UFFeScience/akoflow/internal/application/services/create_schedule_api_service/create_schedule_api_service.go:86.2,86.40 1 1
github.com/UFFeScience/akoflow/internal/application/services/create_schedule_api_service/create_schedule_api_service.go:89.88,90.68 1 1
github.com/UFFeScience/akoflow/internal/application/services/create_schedule_api_service/create_schedule_api_service.go:90.68,92.3 1 1
github.com/UFFeScience/akoflow/internal/application/services/create_schedule_api_service/create_schedule_api_service.go:94.2,96.54 2 1
github.com/UFFeScience/akoflow/internal/application/services/create_schedule_api_service/create_schedule_api_service.go:96.54,99.3 2 1
github.com/UFFeScience/akoflow/internal/application/services/create_schedule_api_service/create_schedule_api_service.go:101.2,103.13 2 1
github.com/UFFeScience/akoflow/internal/application/services/create_schedule_api_service/create_schedule_api_service.go:106.70,109.16 2 1
github.com/UFFeScience/akoflow/internal/application/services/create_schedule_api_service/create_schedule_api_service.go:109.16,112.3 2 1
github.com/UFFeScience/akoflow/internal/application/services/create_schedule_api_service/create_schedule_api_service.go:114.2,115.16 2 1
github.com/UFFeScience/akoflow/internal/application/services/create_schedule_api_service/create_schedule_api_service.go:115.16,118.3 2 1
github.com/UFFeScience/akoflow/internal/application/services/create_schedule_api_service/create_schedule_api_service.go:120.2,122.9 2 1
github.com/UFFeScience/akoflow/internal/application/services/create_schedule_api_service/create_schedule_api_service.go:122.9,125.3 2 1
github.com/UFFeScience/akoflow/internal/application/services/create_schedule_api_service/create_schedule_api_service.go:127.2,142.13 4 1
github.com/UFFeScience/akoflow/internal/application/services/create_schedule_api_service/create_schedule_api_service.go:145.133,148.16 2 1
github.com/UFFeScience/akoflow/internal/application/services/create_schedule_api_service/create_schedule_api_service.go:148.16,150.3 1 1
github.com/UFFeScience/akoflow/internal/application/services/create_schedule_api_service/create_schedule_api_service.go:152.2,153.14 2 1
github.com/UFFeScience/akoflow/internal/application/services/create_schedule_api_service/create_schedule_api_service.go:153.14,155.3 1 1
github.com/UFFeScience/akoflow/internal/application/services/create_schedule_api_service/create_schedule_api_service.go:157.2,158.16 2 1
github.com/UFFeScience/akoflow/internal/application/services/create_schedule_api_service/create_schedule_api_service.go:158.16,160.3 1 1
github.com/UFFeScience/akoflow/internal/application/services/create_schedule_api_service/create_schedule_api_service.go:162.2,169.8 1 1
github.com/UFFeScience/akoflow/internal/application/services/create_storage_in_database_service/create_storage_in_database_service.go:21.43,30.2 2 1
github.com/UFFeScience/akoflow/internal/application/services/create_storage_in_database_service/create_storage_in_database_service.go:32.172,34.2 1 1
github.com/UFFeScience/akoflow/internal/application/services/create_storage_in_database_service/create_storage_in_database_service.go:36.75,39.16 2 1
github.com/UFFeScience/akoflow/internal/application/services/create_storage_in_database_service/create_storage_in_database_service.go:39.16,41.3 1 1
github.com/UFFeScience/akoflow/internal/application/services/create_storage_in_database_service/create_storage_in_database_service.go:43.2,44.16 2 1
github.com/UFFeScience/akoflow/internal/application/services/create_storage_in_database_service/create_storage_in_database_service.go:44.16,46.3 1 1
github.com/UFFeScience/akoflow/internal/application/services/create_storage_in_database_service/create_storage_in_database_service.go:48.2,58.4 2 1
github.com/UFFeScience/akoflow/internal/application/services/create_workflow_in_database_service/create_workflow_in_database_service.go:20.45,29.2 2 1
github.com/UFFeScience/akoflow/internal/application/services/create_workflow_in_database_service/create_workflow_in_database_service.go:31.181,33.2 1 1
github.com/UFFeScience/akoflow/internal/application/services/create_workflow_in_database_service/create_workflow_in_database_service.go:35.98,37.16 2 1
github.com/UFFeScience/akoflow/internal/application/services/create_workflow_in_database_service/create_workflow_in_database_service.go:37.16,39.3 1 1
github.com/UFFeScience/akoflow/internal/application/services/create_workflow_in_database_service/create_workflow_in_database_service.go:40.2,41.16 2 1
github.com/UFFeScience/akoflow/internal/application/services/create_workflow_in_database_service/create_workflow_in_database_service.go:41.16,43.3 1 1
github.com/UFFeScience/akoflow/internal/application/services/create_workflow_in_database_service/create_workflow_in_database_service.go:45.2,46.16 2 1
github.com/UFFeScience/akoflow/internal/application/services/create_workflow_in_database_service/create_workflow_in_database_service.go:46.16,48.3 1 1
github.com/UFFeScience/akoflow/internal/application/services/create_workflow_in_database_service/create_workflow_in_database_service.go:50.2,51.16 2 1
github.com/UFFeScience/akoflow/internal/application/services/create_workflow_in_database_service/create_workflow_in_database_service.go:51.16,53.3 1 1
github.com/UFFeScience/akoflow/internal/application/services/create_workflow_in_database_service/create_workflow_in_database_service.go:55.2,55.24 1 1
github.com/UFFeScience/akoflow/internal/application/services/find_workflow_api_service/find_workflow_api_service.go:22.36,27.2 1 0
github.com/UFFeScience/akoflow/internal/application/services/find_workflow_api_service/find_workflow_api_service.go:29.94,34.16 3 0
github.com/UFFeScience/akoflow/internal/application/services/find_workflow_api_service/find_workflow_api_service.go:34.16,36.3 1 0
github.com/UFFeScience/akoflow/internal/application/services/find_workflow_api_service/find_workflow_api_service.go:38.2,44.16 4 0
github.com/UFFeScience/akoflow/internal/application/services/find_workflow_api_service/find_workflow_api_service.go:44.16,46.3 1 0
github.com/UFFeScience/akoflow/internal/application/services/find_workflow_api_service/find_workflow_api_service.go:48.2,48.19 1 0
github.com/UFFeScience/akoflow/internal/application/services/find_workflow_api_service/find_workflow_api_service.go:51.58,54.2 2 1
github.com/UFFeScience/akoflow/internal/application/services/find_workflow_api_service/find_workflow_api_service.go:56.125,64.43 6 1
github.com/UFFeScience/akoflow/internal/application/services/find_workflow_api_service/find_workflow_api_service.go:64.43,66.3 1 1
github.com/UFFeScience/akoflow/internal/application/services/find_workflow_api_service/find_workflow_api_service.go:68.2,70.48 2 1
github.com/UFFeScience/akoflow/internal/application/services/find_workflow_api_service/find_workflow_api_service.go:70.48,78.61 5 1
github.com/UFFeScience/akoflow/internal/application/services/find_workflow_api_service/find_workflow_api_service.go:78.61,80.4 1 1
github.com/UFFeScience/akoflow/internal/application/services/find_workflow_api_service/find_workflow_api_service.go:82.3,82.56 1 1
github.com/UFFeScience/akoflow/internal/application/services/find_workflow_api_service/find_workflow_api_service.go:82.56,84.4 1 1
github.com/UFFeScience/akoflow/internal/application/services/find_workflow_api_service/find_workflow_api_service.go:86.3,96.48 7 1
github.com/UFFeScience/akoflow/internal/application/services/find_workflow_api_service/find_workflow_api_service.go:96.48,98.4 1 1
github.com/UFFeScience/akoflow/internal/application/services/find_workflow_api_service/find_workflow_api_service.go:99.3,99.43 1 1
github.com/UFFeScience/akoflow/internal/application/services/find_workflow_api_service/find_workflow_api_service.go:99.43,101.4 1 1
github.com/UFFeScience/akoflow/internal/application/services/find_workflow_api_service/find_workflow_api_service.go:105.2,114.14 6 1
github.com/UFFeScience/akoflow/internal/application/services/find_workflow_api_service/find_workflow_api_service.go:117.43,122.9 3 1
github.com/UFFeScience/akoflow/internal/application/services/find_workflow_api_service/find_workflow_api_service.go:123.42,125.63 2 1
github.com/UFFeScience/akoflow/internal/application/services/find_workflow_api_service/find_workflow_api_service.go:126.42,128.63 2 1
github.com/UFFeScience/akoflow/internal/application/services/find_workflow_api_service/find_workflow_api_service.go:129.42,131.63 2 1
github.com/UFFeScience/akoflow/internal/application/services/find_workflow_api_service/find_workflow_api_service.go:132.42,134.63 2 1
github.com/UFFeScience/akoflow/internal/application/services/find_workflow_api_service/find_workflow_api_service.go:135.10,138.15 2 1
github.com/UFFeScience/akoflow/internal/application/services/find_workflow_api_service/find_workflow_api_service.go:141.2,141.34 1 1
github.com/UFFeScience/akoflow/internal/application/services/garbage_collector_remove_storage_service/garbage_collector_remove_storage_service.go:32.49,47.2 1 0
github.com/UFFeScience/akoflow/internal/application/services/garbage_collector_remove_storage_service/garbage_collector_remove_storage_service.go:51.65,53.2 1 1
github.com/UFFeScience/akoflow/internal/application/services/garbage_collector_remove_storage_service/garbage_collector_remove_storage_service.go:55.75,60.39 3 0
github.com/UFFeScience/akoflow/internal/application/services/garbage_collector_remove_storage_service/garbage_collector_remove_storage_service.go:60.39,61.24 1 0
github.com/UFFeScience/akoflow/internal/application/services/garbage_collector_remove_storage_service/garbage_collector_remove_storage_service.go:61.24,63.4 1 0
github.com/UFFeScience/akoflow/internal/application/services/garbage_collector_remove_storage_service/garbage_collector_remove_storage_service.go:63.9,65.4 1 0
github.com/UFFeScience/akoflow/internal/application/services/garbage_collector_remove_storage_service/garbage_collector_remove_storage_service.go:68.2,68.47 1 0
github.com/UFFeScience/akoflow/internal/application/services/garbage_collector_remove_storage_service/garbage_collector_remove_storage_service.go:68.47,72.21 3 0
github.com/UFFeScience/akoflow/internal/application/services/garbage_collector_remove_storage_service/garbage_collector_remove_storage_service.go:72.21,75.4 2 0
github.com/UFFeScience/akoflow/internal/application/services/garbage_collector_remove_storage_service/garbage_collector_remove_storage_service.go:77.3,83.82 5 0
github.com/UFFeScience/akoflow/internal/application/services/garbage_collector_remove_storage_service/garbage_collector_remove_storage_service.go:89.117,92.20 2 1
github.com/UFFeScience/akoflow/internal/application/services/garbage_collector_remove_storage_service/garbage_collector_remove_storage_service.go:92.20,95.3 2 1
github.com/UFFeScience/akoflow/internal/application/services/garbage_collector_remove_storage_service/garbage_collector_remove_storage_service.go:97.2,110.53 6 1
github.com/UFFeScience/akoflow/internal/application/services/garbage_collector_remove_storage_service/garbage_collector_remove_storage_service.go:113.117,119.16 2 1
github.com/UFFeScience/akoflow/internal/application/services/garbage_collector_remove_storage_service/garbage_collector_remove_storage_service.go:119.16,122.3 2 1
github.com/UFFeScience/akoflow/internal/application/services/get_activity_dependencies_service/get_activity_dependencies_service.go:15.43,20.2 1 1
github.com/UFFeScience/akoflow/internal/application/services/get_activity_dependencies_service/get_activity_dependencies_service.go:22.130,24.2 1 1
github.com/UFFeScience/akoflow/internal/application/services/get_activity_dependencies_service/get_activity_dependencies_service.go:42.131,50.31 7 1
github.com/UFFeScience/akoflow/internal/application/services/get_activity_dependencies_service/get_activity_dependencies_service.go:50.31,54.3 3 1
github.com/UFFeScience/akoflow/internal/application/services/get_activity_dependencies_service/get_activity_dependencies_service.go:56.2,56.41 1 1
github.com/UFFeScience/akoflow/internal/application/services/get_activity_dependencies_service/get_activity_dependencies_service.go:56.41,57.95 1 1
github.com/UFFeScience/akoflow/internal/application/services/get_activity_dependencies_service/get_activity_dependencies_service.go:57.95,59.4 1 1
github.com/UFFeScience/akoflow/internal/application/services/get_activity_dependencies_service/get_activity_dependencies_service.go:60.3,60.105 1 1
github.com/UFFeScience/akoflow/internal/application/services/get_activity_dependencies_service/get_activity_dependencies_service.go:63.2,63.29 1 1
github.com/UFFeScience/akoflow/internal/application/services/get_activity_dependencies_service/get_activity_dependencies_service.go:66.153,72.36 4 1
github.com/UFFeScience/akoflow/internal/application/services/get_activity_dependencies_service/get_activity_dependencies_service.go:72.36,74.3 1 1
github.com/UFFeScience/akoflow/internal/application/services/get_activity_dependencies_service/get_activity_dependencies_service.go:76.2,77.41 2 1
github.com/UFFeScience/akoflow/internal/application/services/get_activity_dependencies_service/get_activity_dependencies_service.go:77.41,78.38 1 1
github.com/UFFeScience/akoflow/internal/application/services/get_activity_dependencies_service/get_activity_dependencies_service.go:78.38,80.4 1 1
github.com/UFFeScience/akoflow/internal/application/services/get_activity_dependencies_service/get_activity_dependencies_service.go:83.2,83.16 1 1
github.com/UFFeScience/akoflow/internal/application/services/get_activity_dependencies_service/get_activity_dependencies_service.go:87.141,93.36 4 1
github.com/UFFeScience/akoflow/internal/application/services/get_activity_dependencies_service/get_activity_dependencies_service.go:93.36,95.3 1 1
github.com/UFFeScience/akoflow/internal/application/services/get_activity_dependencies_service/get_activity_dependencies_service.go:97.2,98.41 2 1
github.com/UFFeScience/akoflow/internal/application/services/get_activity_dependencies_service/get_activity_dependencies_service.go:98.41,100.3 1 1
github.com/UFFeScience/akoflow/internal/application/services/get_activity_dependencies_service/get_activity_dependencies_service.go:102.2,102.16 1 1
github.com/UFFeScience/akoflow/internal/application/services/get_activity_dependencies_service/get_activity_dependencies_service.go:123.267,126.38 2 1
github.com/UFFeScience/akoflow/internal/application/services/get_activity_dependencies_service/get_activity_dependencies_service.go:126.38,128.42 2 1
github.com/UFFeScience/akoflow/internal/application/services/get_activity_dependencies_service/get_activity_dependencies_service.go:128.42,129.38 1 1
github.com/UFFeScience/akoflow/internal/application/services/get_activity_dependencies_service/get_activity_dependencies_service.go:129.38,130.97 1 1
github.com/UFFeScience/akoflow/internal/application/services/get_activity_dependencies_service/get_activity_dependencies_service.go:130.97,132.6 1 1
github.com/UFFeScience/akoflow/internal/application/services/get_activity_dependencies_service/get_activity_dependencies_service.go:136.2,136.50 1 1
github.com/UFFeScience/akoflow/internal/application/services/get_activity_dependencies_service/get_activity_dependencies_service.go:163.180,165.38 2 1
github.com/UFFeScience/akoflow/internal/application/services/get_activity_dependencies_service/get_activity_dependencies_service.go:165.38,167.3 1 1
github.com/UFFeScience/akoflow/internal/application/services/get_activity_dependencies_service/get_activity_dependencies_service.go:169.2,171.41 2 1
github.com/UFFeScience/akoflow/internal/application/services/get_activity_dependencies_service/get_activity_dependencies_service.go:171.41,172.46 1 1
github.com/UFFeScience/akoflow/internal/application/services/get_activity_dependencies_service/get_activity_dependencies_service.go:172.46,173.47 1 1
github.com/UFFeScience/akoflow/internal/application/services/get_activity_dependencies_service/get_activity_dependencies_service.go:173.47,175.5 1 1
github.com/UFFeScience/akoflow/internal/application/services/get_activity_dependencies_service/get_activity_dependencies_service.go:177.3,177.43 1 1
github.com/UFFeScience/akoflow/internal/application/services/get_activity_dependencies_service/get_activity_dependencies_service.go:180.2,180.15 1 1
github.com/UFFeScience/akoflow/internal/application/services/get_map_activities_keep_disk_service/get_map_activities_keep_disk_service.go:22.44,31.2 2 1
github.com/UFFeScience/akoflow/internal/application/services/get_map_activities_keep_disk_service/get_map_activities_keep_disk_service.go:33.128,35.2 1 1
github.com/UFFeScience/akoflow/internal/application/services/get_map_activities_keep_disk_service/get_map_activities_keep_disk_service.go:39.109,44.16 3 1
github.com/UFFeScience/akoflow/internal/application/services/get_map_activities_keep_disk_service/get_map_activities_keep_disk_service.go:44.16,46.3 1 1
github.com/UFFeScience/akoflow/internal/application/services/get_map_activities_keep_disk_service/get_map_activities_keep_disk_service.go:48.2,53.38 3 1
github.com/UFFeScience/akoflow/internal/application/services/get_map_activities_keep_disk_service/get_map_activities_keep_disk_service.go:53.38,55.3 1 1
github.com/UFFeScience/akoflow/internal/application/services/get_map_activities_keep_disk_service/get_map_activities_keep_disk_service.go:57.2,57.54 1 1
github.com/UFFeScience/akoflow/internal/application/services/get_map_activities_keep_disk_service/get_map_activities_keep_disk_service.go:57.54,58.43 1 1
github.com/UFFeScience/akoflow/internal/application/services/get_map_activities_keep_disk_service/get_map_activities_keep_disk_service.go:58.43,59.28 1 1
github.com/UFFeScience/akoflow/internal/application/services/get_map_activities_keep_disk_service/get_map_activities_keep_disk_service.go:59.28,61.5 1 1
github.com/UFFeScience/akoflow/internal/application/services/get_map_activities_keep_disk_service/get_map_activities_keep_disk_service.go:65.2,65.35 1 1
github.com/UFFeScience/akoflow/internal/application/services/get_pending_storage_service/get_pending_storage_service.go:31.37,45.2 3 1
github.com/UFFeScience/akoflow/internal/application/services/get_pending_storage_service/get_pending_storage_service.go:47.204,49.2 1 1
github.com/UFFeScience/akoflow/internal/application/services/get_pending_storage_service/get_pending_storage_service.go:51.112,53.16 2 1
github.com/UFFeScience/akoflow/internal/application/services/get_pending_storage_service/get_pending_storage_service.go:53.16,55.3 1 1
github.com/UFFeScience/akoflow/internal/application/services/get_pending_storage_service/get_pending_storage_service.go:57.2,61.35 4 1
github.com/UFFeScience/akoflow/internal/application/services/get_pending_storage_service/get_pending_storage_service.go:61.35,64.3 2 1
github.com/UFFeScience/akoflow/internal/application/services/get_pending_storage_service/get_pending_storage_service.go:66.2,66.40 1 1
github.com/UFFeScience/akoflow/internal/application/services/get_pending_storage_service/get_pending_storage_service.go:66.40,68.3 1 1
github.com/UFFeScience/akoflow/internal/application/services/get_pending_storage_service/get_pending_storage_service.go:70.2,71.16 2 1
github.com/UFFeScience/akoflow/internal/application/services/get_pending_storage_service/get_pending_storage_service.go:71.16,73.3 1 1
github.com/UFFeScience/akoflow/internal/application/services/get_pending_storage_service/get_pending_storage_service.go:75.2,77.46 2 1
github.com/UFFeScience/akoflow/internal/application/services/get_pending_storage_service/get_pending_storage_service.go:77.46,79.3 1 1
github.com/UFFeScience/akoflow/internal/application/services/get_pending_storage_service/get_pending_storage_service.go:81.2,82.41 2 1
github.com/UFFeScience/akoflow/internal/application/services/get_pending_storage_service/get_pending_storage_service.go:82.41,85.22 2 1
github.com/UFFeScience/akoflow/internal/application/services/get_pending_storage_service/get_pending_storage_service.go:85.22,86.12 1 0
github.com/UFFeScience/akoflow/internal/application/services/get_pending_storage_service/get_pending_storage_service.go:89.3,89.42 1 1
github.com/UFFeScience/akoflow/internal/application/services/get_pending_storage_service/get_pending_storage_service.go:89.42,91.4 1 1
github.com/UFFeScience/akoflow/internal/application/services/get_pending_storage_service/get_pending_storage_service.go:93.3,93.53 1 1
github.com/UFFeScience/akoflow/internal/application/services/get_pending_storage_service/get_pending_storage_service.go:93.53,94.12 1 1
github.com/UFFeScience/akoflow/internal/application/services/get_pending_storage_service/get_pending_storage_service.go:97.3,97.66 1 1
github.com/UFFeScience/akoflow/internal/application/services/get_pending_storage_service/get_pending_storage_service.go:101.2,101.35 1 1
github.com/UFFeScience/akoflow/internal/application/services/get_pending_storage_service/get_pending_storage_service.go:104.201,112.38 5 1
github.com/UFFeScience/akoflow/internal/application/services/get_pending_storage_service/get_pending_storage_service.go:112.38,114.3 1 1
github.com/UFFeScience/akoflow/internal/application/services/get_pending_storage_service/get_pending_storage_service.go:116.2,121.56 4 1
github.com/UFFeScience/akoflow/internal/application/services/get_pending_storage_service/get_pending_storage_service.go:121.56,122.43 1 1
github.com/UFFeScience/akoflow/internal/application/services/get_pending_storage_service/get_pending_storage_service.go:122.43,124.4 1 1
github.com/UFFeScience/akoflow/internal/application/services/get_pending_storage_service/get_pending_storage_service.go:127.2,127.43 1 1
github.com/UFFeScience/akoflow/internal/application/services/get_pending_storage_service/get_pending_storage_service.go:127.43,130.65 3 1
github.com/UFFeScience/akoflow/internal/application/services/get_pending_storage_service/get_pending_storage_service.go:130.65,131.61 1 1
github.com/UFFeScience/akoflow/internal/application/services/get_pending_storage_service/get_pending_storage_service.go:131.61,133.5 1 1
github.com/UFFeScience/akoflow/internal/application/services/get_pending_storage_service/get_pending_storage_service.go:136.3,136.61 1 1
github.com/UFFeScience/akoflow/internal/application/services/get_pending_storage_service/get_pending_storage_service.go:136.61,138.4 1 1
github.com/UFFeScience/akoflow/internal/application/services/get_pending_storage_service/get_pending_storage_service.go:142.2,142.27 1 1
github.com/UFFeScience/akoflow/internal/application/services/get_pending_workflow_service/get_pending_workflow_service.go:18.160,24.2 1 1
github.com/UFFeScience/akoflow/internal/application/services/get_pending_workflow_service/get_pending_workflow_service.go:26.38,32.2 1 1
github.com/UFFeScience/akoflow/internal/application/services/get_pending_workflow_service/get_pending_workflow_service.go:34.95,36.16 2 1
github.com/UFFeScience/akoflow/internal/application/services/get_pending_workflow_service/get_pending_workflow_service.go:36.16,38.3 1 1
github.com/UFFeScience/akoflow/internal/application/services/get_pending_workflow_service/get_pending_workflow_service.go:40.2,40.23 1 1
github.com/UFFeScience/akoflow/internal/application/services/get_pending_workflow_service/get_pending_workflow_service.go:43.102,44.33 1 1
github.com/UFFeScience/akoflow/internal/application/services/get_pending_workflow_service/get_pending_workflow_service.go:44.33,46.3 1 1
github.com/UFFeScience/akoflow/internal/application/services/get_pending_workflow_service/get_pending_workflow_service.go:48.2,48.33 1 1
github.com/UFFeScience/akoflow/internal/application/services/get_pending_workflow_service/get_pending_workflow_service.go:48.33,50.3 1 1
github.com/UFFeScience/akoflow/internal/application/services/get_pending_workflow_service/get_pending_workflow_service.go:52.2,53.16 2 1
github.com/UFFeScience/akoflow/internal/application/services/get_pending_workflow_service/get_pending_workflow_service.go:53.16,55.3 1 1
github.com/UFFeScience/akoflow/internal/application/services/get_pending_workflow_service/get_pending_workflow_service.go:57.2,60.16 3 1
github.com/UFFeScience/akoflow/internal/application/services/get_pending_workflow_service/get_pending_workflow_service.go:60.16,62.3 1 1
github.com/UFFeScience/akoflow/internal/application/services/get_pending_workflow_service/get_pending_workflow_service.go:64.2,65.23 2 1
github.com/UFFeScience/akoflow/internal/application/services/get_workflow_by_status_service/get_workflow_by_status_service.go:11.39,13.2 1 1
github.com/UFFeScience/akoflow/internal/application/services/get_workflow_by_status_service/get_workflow_by_status_service.go:15.148,17.47 2 1
github.com/UFFeScience/akoflow/internal/application/services/get_workflow_by_status_service/get_workflow_by_status_service.go:17.47,18.32 1 1
github.com/UFFeScience/akoflow/internal/application/services/get_workflow_by_status_service/get_workflow_by_status_service.go:18.32,20.4 1 1
github.com/UFFeScience/akoflow/internal/application/services/get_workflow_by_status_service/get_workflow_by_status_service.go:22.2,22.20 1 1
github.com/UFFeScience/akoflow/internal/application/services/get_workflow_by_status_service/get_workflow_by_status_service.go:25.172,27.32 2 1
github.com/UFFeScience/akoflow/internal/application/services/get_workflow_by_status_service/get_workflow_by_status_service.go:27.32,28.32 1 1
github.com/UFFeScience/akoflow/internal/application/services/get_workflow_by_status_service/get_workflow_by_status_service.go:28.32,30.4 1 1
github.com/UFFeScience/akoflow/internal/application/services/get_workflow_by_status_service/get_workflow_by_status_service.go:32.2,32.20 1 1
github.com/UFFeScience/akoflow/internal/application/services/get_schedule_api_service/get_schedule_api_service.go:13.35,15.2 1 0
github.com/UFFeScience/akoflow/internal/application/services/get_schedule_api_service/get_schedule_api_service.go:17.99,19.2 1 1
github.com/UFFeScience/akoflow/internal/application/services/get_schedule_api_service/get_schedule_api_service.go:21.106,24.16 2 1
github.com/UFFeScience/akoflow/internal/application/services/get_schedule_api_service/get_schedule_api_service.go:24.16,26.3 1 1
github.com/UFFeScience/akoflow/internal/application/services/get_schedule_api_service/get_schedule_api_service.go:28.2,37.25 2 1
github.com/UFFeScience/akoflow/internal/application/services/list_runtimes_api_service/list_runtimes_api_service.go:14.36,16.2 1 0
github.com/UFFeScience/akoflow/internal/application/services/list_runtimes_api_service/list_runtimes_api_service.go:18.98,20.2 1 1
github.com/UFFeScience/akoflow/internal/application/services/list_runtimes_api_service/list_runtimes_api_service.go:22.88,25.16 2 1
github.com/UFFeScience/akoflow/internal/application/services/list_runtimes_api_service/list_runtimes_api_service.go:25.16,27.3 1 1
github.com/UFFeScience/akoflow/internal/application/services/list_runtimes_api_service/list_runtimes_api_service.go:29.2,30.24 2 1
github.com/UFFeScience/akoflow/internal/application/services/list_schedules_api_service/list_schedules_api_service.go:13.37,15.2 1 0
github.com/UFFeScience/akoflow/internal/application/services/list_schedules_api_service/list_schedules_api_service.go:17.101,19.2 1 1
github.com/UFFeScience/akoflow/internal/application/services/list_schedules_api_service/list_schedules_api_service.go:21.91,24.16 2 1
github.com/UFFeScience/akoflow/internal/application/services/list_schedules_api_service/list_schedules_api_service.go:24.16,26.3 1 1
github.com/UFFeScience/akoflow/internal/application/services/list_schedules_api_service/list_schedules_api_service.go:28.2,29.43 2 1
github.com/UFFeScience/akoflow/internal/application/services/list_schedules_api_service/list_schedules_api_service.go:29.43,38.3 1 1
github.com/UFFeScience/akoflow/internal/application/services/list_schedules_api_service/list_schedules_api_service.go:40.2,40.26 1 1
github.com/UFFeScience/akoflow/internal/application/services/health_check_runtime_check_service/health_check_runtime_check_service.go:20.44,22.60 1 1
github.com/UFFeScience/akoflow/internal/application/services/health_check_runtime_check_service/health_check_runtime_check_service.go:22.60,22.102 1 0
github.com/UFFeScience/akoflow/internal/application/services/health_check_runtime_check_service/health_check_runtime_check_service.go:25.74,29.52 1 1
github.com/UFFeScience/akoflow/internal/application/services/health_check_runtime_check_service/health_check_runtime_check_service.go:29.52,29.94 1 0
github.com/UFFeScience/akoflow/internal/application/services/health_check_runtime_check_service/health_check_runtime_check_service.go:33.84,35.2 1 1
github.com/UFFeScience/akoflow/internal/application/services/health_check_runtime_check_service/health_check_runtime_check_service.go:37.75,39.20 2 1
github.com/UFFeScience/akoflow/internal/application/services/health_check_runtime_check_service/health_check_runtime_check_service.go:39.20,41.3 1 1
github.com/UFFeScience/akoflow/internal/application/services/health_check_runtime_check_service/health_check_runtime_check_service.go:42.2,42.28 1 1
github.com/UFFeScience/akoflow/internal/application/services/health_check_runtime_check_service/health_check_runtime_check_service.go:42.28,44.3 1 1
github.com/UFFeScience/akoflow/internal/application/services/health_check_runtime_check_service/health_check_runtime_check_service.go:45.2,45.12 1 1
github.com/UFFeScience/akoflow/internal/application/services/list_workflows_api_service/list_workflows_api_service.go:16.37,21.2 1 1
github.com/UFFeScience/akoflow/internal/application/services/list_workflows_api_service/list_workflows_api_service.go:23.124,25.2 1 1
github.com/UFFeScience/akoflow/internal/application/services/list_workflows_api_service/list_workflows_api_service.go:27.91,30.16 2 1
github.com/UFFeScience/akoflow/internal/application/services/list_workflows_api_service/list_workflows_api_service.go:30.16,32.3 1 1
github.com/UFFeScience/akoflow/internal/application/services/list_workflows_api_service/list_workflows_api_service.go:34.2,37.16 3 1
github.com/UFFeScience/akoflow/internal/application/services/list_workflows_api_service/list_workflows_api_service.go:37.16,39.3 1 1
github.com/UFFeScience/akoflow/internal/application/services/list_workflows_api_service/list_workflows_api_service.go:41.2,45.25 3 1
github.com/UFFeScience/akoflow/internal/application/services/provenance_graph_service/provenance_graph_service.go:32.110,37.2 1 1
github.com/UFFeScience/akoflow/internal/application/services/provenance_graph_service/provenance_graph_service.go:47.87,49.16 2 1
github.com/UFFeScience/akoflow/internal/application/services/provenance_graph_service/provenance_graph_service.go:49.16,51.3 1 0
github.com/UFFeScience/akoflow/internal/application/services/provenance_graph_service/provenance_graph_service.go:53.2,54.35 2 1
github.com/UFFeScience/akoflow/internal/application/services/provenance_graph_service/provenance_graph_service.go:54.35,56.17 2 1
github.com/UFFeScience/akoflow/internal/application/services/provenance_graph_service/provenance_graph_service.go:56.17,58.4 1 1
github.com/UFFeScience/akoflow/internal/application/services/provenance_graph_service/provenance_graph_service.go:61.2,68.42 7 1
github.com/UFFeScience/akoflow/internal/application/services/provenance_graph_service/provenance_graph_service.go:68.42,70.18 2 1
github.com/UFFeScience/akoflow/internal/application/services/provenance_graph_service/provenance_graph_service.go:70.18,73.4 2 1
github.com/UFFeScience/akoflow/internal/application/services/provenance_graph_service/provenance_graph_service.go:76.2,76.47 1 1
github.com/UFFeScience/akoflow/internal/application/services/provenance_graph_service/provenance_graph_service.go:76.47,79.3 2 1
github.com/UFFeScience/akoflow/internal/application/services/provenance_graph_service/provenance_graph_service.go:81.2,81.51 1 1
github.com/UFFeScience/akoflow/internal/application/services/provenance_graph_service/provenance_graph_service.go:81.51,85.3 3 1
github.com/UFFeScience/akoflow/internal/application/services/provenance_graph_service/provenance_graph_service.go:87.2,87.37 1 1
github.com/UFFeScience/akoflow/internal/application/services/provenance_graph_service/provenance_graph_service.go:87.37,89.31 2 1
github.com/UFFeScience/akoflow/internal/application/services/provenance_graph_service/provenance_graph_service.go:89.31,94.4 4 1
github.com/UFFeScience/akoflow/internal/application/services/provenance_graph_service/provenance_graph_service.go:97.2,97.35 1 1
github.com/UFFeScience/akoflow/internal/application/services/provenance_graph_service/provenance_graph_service.go:97.35,99.20 2 1
github.com/UFFeScience/akoflow/internal/application/services/provenance_graph_service/provenance_graph_service.go:99.20,101.4 1 1
github.com/UFFeScience/akoflow/internal/application/services/provenance_graph_service/provenance_graph_service.go:102.3,104.34 2 1
github.com/UFFeScience/akoflow/internal/application/services/provenance_graph_service/provenance_graph_service.go:104.34,107.4 2 1
github.com/UFFeScience/akoflow/internal/application/services/provenance_graph_service/provenance_graph_service.go:109.3,115.34 5 1
github.com/UFFeScience/akoflow/internal/application/services/provenance_graph_service/provenance_graph_service.go:115.34,116.16 1 1
github.com/UFFeScience/akoflow/internal/application/services/provenance_graph_service/provenance_graph_service.go:116.16,117.13 1 1
github.com/UFFeScience/akoflow/internal/application/services/provenance_graph_service/provenance_graph_service.go:119.4,119.33 1 1
github.com/UFFeScience/akoflow/internal/application/services/provenance_graph_service/provenance_graph_service.go:123.3,123.34 1 1
github.com/UFFeScience/akoflow/internal/application/services/provenance_graph_service/provenance_graph_service.go:123.34,124.16 1 1
github.com/UFFeScience/akoflow/internal/application/services/provenance_graph_service/provenance_graph_service.go:124.16,125.13 1 1
github.com/UFFeScience/akoflow/internal/application/services/provenance_graph_service/provenance_graph_service.go:127.4,129.43 3 1
github.com/UFFeScience/akoflow/internal/application/services/provenance_graph_service/provenance_graph_service.go:133.3,133.30 1 1
github.com/UFFeScience/akoflow/internal/application/services/provenance_graph_service/provenance_graph_service.go:133.30,134.16 1 1
github.com/UFFeScience/akoflow/internal/application/services/provenance_graph_service/provenance_graph_service.go:134.16,135.13 1 1
github.com/UFFeScience/akoflow/internal/application/services/provenance_graph_service/provenance_graph_service.go:137.4,138.23 2 1
github.com/UFFeScience/akoflow/internal/application/services/provenance_graph_service/provenance_graph_service.go:138.23,139.13 1 1
github.com/UFFeScience/akoflow/internal/application/services/provenance_graph_service/provenance_graph_service.go:141.4,143.53 3 1
github.com/UFFeScience/akoflow/internal/application/services/provenance_graph_service/provenance_graph_service.go:148.2,148.26 1 1
github.com/UFFeScience/akoflow/internal/application/services/provenance_graph_service/provenance_graph_service.go:148.26,149.51 1 1
github.com/UFFeScience/akoflow/internal/application/services/provenance_graph_service/provenance_graph_service.go:149.51,151.4 1 1
github.com/UFFeScience/akoflow/internal/application/services/provenance_graph_service/provenance_graph_service.go:154.2,154.58 1 1
github.com/UFFeScience/akoflow/internal/application/services/monitor_collect_metrics_service/monitor_collect_metrics_service.go:32.42,35.154 3 1
github.com/UFFeScience/akoflow/internal/application/services/monitor_collect_metrics_service/monitor_collect_metrics_service.go:35.154,35.196 1 0
github.com/UFFeScience/akoflow/internal/application/services/monitor_collect_metrics_service/monitor_collect_metrics_service.go:38.146,40.2 1 1
github.com/UFFeScience/akoflow/internal/application/services/monitor_collect_metrics_service/monitor_collect_metrics_service.go:42.63,44.16 2 1
github.com/UFFeScience/akoflow/internal/application/services/monitor_collect_metrics_service/monitor_collect_metrics_service.go:44.16,46.3 1 1
github.com/UFFeScience/akoflow/internal/application/services/monitor_collect_metrics_service/monitor_collect_metrics_service.go:48.2,48.32 1 1
github.com/UFFeScience/akoflow/internal/application/services/monitor_collect_metrics_service/monitor_collect_metrics_service.go:48.32,49.62 1 1
github.com/UFFeScience/akoflow/internal/application/services/monitor_collect_metrics_service/monitor_collect_metrics_service.go:49.62,51.4 1 1
github.com/UFFeScience/akoflow/internal/application/services/monitor_collect_metrics_service/monitor_collect_metrics_service.go:53.2,53.12 1 1
github.com/UFFeScience/akoflow/internal/application/services/monitor_collect_metrics_service/monitor_collect_metrics_service.go:56.106,62.31 4 1
github.com/UFFeScience/akoflow/internal/application/services/monitor_collect_metrics_service/monitor_collect_metrics_service.go:62.31,64.28 2 1
github.com/UFFeScience/akoflow/internal/application/services/monitor_collect_metrics_service/monitor_collect_metrics_service.go:64.28,66.4 1 1
github.com/UFFeScience/akoflow/internal/application/services/monitor_collect_metrics_service/monitor_collect_metrics_service.go:67.3,68.41 2 1
github.com/UFFeScience/akoflow/internal/application/services/monitor_collect_metrics_service/monitor_collect_metrics_service.go:70.2,70.12 1 1
github.com/UFFeScience/akoflow/internal/application/services/monitor_change_workflow_service/monitor_change_workflow_service.go:38.42,47.59 3 1
github.com/UFFeScience/akoflow/internal/application/services/monitor_change_workflow_service/monitor_change_workflow_service.go:47.59,49.4 1 1
github.com/UFFeScience/akoflow/internal/application/services/monitor_change_workflow_service/monitor_change_workflow_service.go:53.198,60.2 1 1
github.com/UFFeScience/akoflow/internal/application/services/monitor_change_workflow_service/monitor_change_workflow_service.go:62.70,64.16 2 1
github.com/UFFeScience/akoflow/internal/application/services/monitor_change_workflow_service/monitor_change_workflow_service.go:64.16,66.3 1 1
github.com/UFFeScience/akoflow/internal/application/services/monitor_change_workflow_service/monitor_change_workflow_service.go:67.2,67.70 1 1
github.com/UFFeScience/akoflow/internal/application/services/monitor_change_workflow_service/monitor_change_workflow_service.go:67.70,69.3 1 1
github.com/UFFeScience/akoflow/internal/application/services/monitor_change_workflow_service/monitor_change_workflow_service.go:70.2,70.53 1 1
github.com/UFFeScience/akoflow/internal/application/services/monitor_change_workflow_service/monitor_change_workflow_service.go:73.109,75.25 1 1
github.com/UFFeScience/akoflow/internal/application/services/monitor_change_workflow_service/monitor_change_workflow_service.go:75.25,77.48 2 1
github.com/UFFeScience/akoflow/internal/application/services/monitor_change_workflow_service/monitor_change_workflow_service.go:77.48,79.22 2 1
github.com/UFFeScience/akoflow/internal/application/services/monitor_change_workflow_service/monitor_change_workflow_service.go:79.22,81.5 1 1
github.com/UFFeScience/akoflow/internal/application/services/monitor_change_workflow_service/monitor_change_workflow_service.go:82.4,82.43 1 1
github.com/UFFeScience/akoflow/internal/application/services/monitor_change_workflow_service/monitor_change_workflow_service.go:85.2,85.12 1 1
github.com/UFFeScience/akoflow/internal/application/services/monitor_change_workflow_service/monitor_change_workflow_service.go:88.110,89.25 1 1
github.com/UFFeScience/akoflow/internal/application/services/monitor_change_workflow_service/monitor_change_workflow_service.go:89.25,93.51 3 1
github.com/UFFeScience/akoflow/internal/application/services/monitor_change_workflow_service/monitor_change_workflow_service.go:93.51,95.97 2 1
github.com/UFFeScience/akoflow/internal/application/services/monitor_change_workflow_service/monitor_change_workflow_service.go:95.97,97.5 1 1
github.com/UFFeScience/akoflow/internal/application/services/monitor_change_workflow_service/monitor_change_workflow_service.go:100.2,100.12 1 1
github.com/UFFeScience/akoflow/internal/application/services/orchestrate_workflow_service/orchestrate_workflow_service.go:34.39,44.184 3 1
github.com/UFFeScience/akoflow/internal/application/services/orchestrate_workflow_service/orchestrate_workflow_service.go:44.184,46.3 1 1
github.com/UFFeScience/akoflow/internal/application/services/orchestrate_workflow_service/orchestrate_workflow_service.go:47.2,47.16 1 1
github.com/UFFeScience/akoflow/internal/application/services/orchestrate_workflow_service/orchestrate_workflow_service.go:50.182,58.2 1 1
github.com/UFFeScience/akoflow/internal/application/services/orchestrate_workflow_service/orchestrate_workflow_service.go:60.156,63.2 2 1
github.com/UFFeScience/akoflow/internal/application/services/orchestrate_workflow_service/orchestrate_workflow_service.go:65.112,66.38 1 1
github.com/UFFeScience/akoflow/internal/application/services/orchestrate_workflow_service/orchestrate_workflow_service.go:66.38,69.3 2 1
github.com/UFFeScience/akoflow/internal/application/services/orchestrate_workflow_service/orchestrate_workflow_service.go:72.90,73.46 1 1
github.com/UFFeScience/akoflow/internal/application/services/orchestrate_workflow_service/orchestrate_workflow_service.go:73.46,74.53 1 1
github.com/UFFeScience/akoflow/internal/application/services/orchestrate_workflow_service/orchestrate_workflow_service.go:74.53,76.4 1 1
github.com/UFFeScience/akoflow/internal/application/services/orchestrate_workflow_service/orchestrate_workflow_service.go:79.2,79.14 1 1
github.com/UFFeScience/akoflow/internal/application/services/orchestrate_workflow_service/orchestrate_workflow_service.go:82.135,83.30 1 1
github.com/UFFeScience/akoflow/internal/application/services/orchestrate_workflow_service/orchestrate_workflow_service.go:83.30,86.3 2 1
github.com/UFFeScience/akoflow/internal/application/services/orchestrate_workflow_service/orchestrate_workflow_service.go:88.2,100.42 9 1
github.com/UFFeScience/akoflow/internal/application/services/orchestrate_workflow_service/orchestrate_workflow_service.go:100.42,102.3 1 1
github.com/UFFeScience/akoflow/internal/application/services/orchestrate_workflow_service/orchestrate_workflow_service.go:104.2,104.20 1 1
github.com/UFFeScience/akoflow/internal/application/services/orchestrate_workflow_service/orchestrate_workflow_service.go:108.187,112.16 2 1
github.com/UFFeScience/akoflow/internal/application/services/orchestrate_workflow_service/orchestrate_workflow_service.go:112.16,115.3 2 1
github.com/UFFeScience/akoflow/internal/application/services/orchestrate_workflow_service/orchestrate_workflow_service.go:117.2,117.24 1 1
github.com/UFFeScience/akoflow/internal/application/services/orchestrate_workflow_service/orchestrate_workflow_service.go:120.210,123.39 2 1
github.com/UFFeScience/akoflow/internal/application/services/orchestrate_workflow_service/orchestrate_workflow_service.go:123.39,124.54 1 1
github.com/UFFeScience/akoflow/internal/application/services/orchestrate_workflow_service/orchestrate_workflow_service.go:124.54,125.25 1 1
github.com/UFFeScience/akoflow/internal/application/services/orchestrate_workflow_service/orchestrate_workflow_service.go:125.25,127.5 1 1
github.com/UFFeScience/akoflow/internal/application/services/orchestrate_workflow_service/orchestrate_workflow_service.go:131.2,131.21 1 1
github.com/UFFeScience/akoflow/internal/application/services/orchestrate_workflow_service/orchestrate_workflow_service.go:134.180,135.36 1 1
github.com/UFFeScience/akoflow/internal/application/services/orchestrate_workflow_service/orchestrate_workflow_service.go:135.36,137.3 1 1
github.com/UFFeScience/akoflow/internal/application/services/orchestrate_workflow_service/orchestrate_workflow_service.go:139.2,141.43 2 1
github.com/UFFeScience/akoflow/internal/application/services/orchestrate_workflow_service/orchestrate_workflow_service.go:141.43,142.49 1 1
github.com/UFFeScience/akoflow/internal/application/services/orchestrate_workflow_service/orchestrate_workflow_service.go:142.49,143.36 1 1
github.com/UFFeScience/akoflow/internal/application/services/orchestrate_workflow_service/orchestrate_workflow_service.go:143.36,145.5 1 1
github.com/UFFeScience/akoflow/internal/application/services/orchestrate_workflow_service/orchestrate_workflow_service.go:149.2,149.59 1 1
github.com/UFFeScience/akoflow/internal/application/services/orchestrate_workflow_service/orchestrate_workflow_service.go:152.146,155.31 2 1
github.com/UFFeScience/akoflow/internal/application/services/orchestrate_workflow_service/orchestrate_workflow_service.go:155.31,157.3 1 1
github.com/UFFeScience/akoflow/internal/application/services/orchestrate_workflow_service/orchestrate_workflow_service.go:159.2,159.17 1 1
github.com/UFFeScience/akoflow/internal/application/services/orchestrate_workflow_service/orchestrate_workflow_service.go:162.141,164.2 1 1
github.com/UFFeScience/akoflow/internal/application/services/orchestrate_schedule_service/orchestrate_schedule_service.go:40.64,42.2 1 1
github.com/UFFeScience/akoflow/internal/application/services/orchestrate_schedule_service/orchestrate_schedule_service.go:44.39,57.2 3 1
github.com/UFFeScience/akoflow/internal/application/services/orchestrate_schedule_service/orchestrate_schedule_service.go:59.268,68.2 1 1
github.com/UFFeScience/akoflow/internal/application/services/orchestrate_schedule_service/orchestrate_schedule_service.go:70.113,73.2 2 1
github.com/UFFeScience/akoflow/internal/application/services/orchestrate_schedule_service/orchestrate_schedule_service.go:75.148,78.2 2 1
github.com/UFFeScience/akoflow/internal/application/services/orchestrate_schedule_service/orchestrate_schedule_service.go:82.107,88.16 3 1
github.com/UFFeScience/akoflow/internal/application/services/orchestrate_schedule_service/orchestrate_schedule_service.go:88.16,92.3 2 1
github.com/UFFeScience/akoflow/internal/application/services/orchestrate_schedule_service/orchestrate_schedule_service.go:94.2,98.50 3 1
github.com/UFFeScience/akoflow/internal/application/services/orchestrate_schedule_service/orchestrate_schedule_service.go:98.50,102.17 3 1
github.com/UFFeScience/akoflow/internal/application/services/orchestrate_schedule_service/orchestrate_schedule_service.go:102.17,105.4 2 1
github.com/UFFeScience/akoflow/internal/application/services/orchestrate_schedule_service/orchestrate_schedule_service.go:106.3,106.25 1 1
github.com/UFFeScience/akoflow/internal/application/services/orchestrate_schedule_service/orchestrate_schedule_service.go:106.25,107.12 1 1
github.com/UFFeScience/akoflow/internal/application/services/orchestrate_schedule_service/orchestrate_schedule_service.go:110.3,111.17 2 1
github.com/UFFeScience/akoflow/internal/application/services/orchestrate_schedule_service/orchestrate_schedule_service.go:111.17,114.4 2 1
github.com/UFFeScience/akoflow/internal/application/services/orchestrate_schedule_service/orchestrate_schedule_service.go:115.3,115.38 1 1
github.com/UFFeScience/akoflow/internal/application/services/orchestrate_schedule_service/orchestrate_schedule_service.go:115.38,119.18 2 1
github.com/UFFeScience/akoflow/internal/application/services/orchestrate_schedule_service/orchestrate_schedule_service.go:119.18,122.5 2 1
github.com/UFFeScience/akoflow/internal/application/services/orchestrate_schedule_service/orchestrate_schedule_service.go:124.4,137.18 3 1
github.com/UFFeScience/akoflow/internal/application/services/orchestrate_schedule_service/orchestrate_schedule_service.go:137.18,139.5 1 1
github.com/UFFeScience/akoflow/internal/application/services/orchestrate_schedule_service/orchestrate_schedule_service.go:140.4,145.6 1 1
github.com/UFFeScience/akoflow/internal/application/services/orchestrate_schedule_service/orchestrate_schedule_service.go:149.3,151.22 2 1
github.com/UFFeScience/akoflow/internal/application/services/orchestrate_schedule_service/orchestrate_schedule_service.go:151.22,153.12 2 1
github.com/UFFeScience/akoflow/internal/application/services/orchestrate_schedule_service/orchestrate_schedule_service.go:156.3,156.43 1 1
github.com/UFFeScience/akoflow/internal/application/services/orchestrate_schedule_service/orchestrate_schedule_service.go:156.43,158.12 2 1
github.com/UFFeScience/akoflow/internal/application/services/orchestrate_schedule_service/orchestrate_schedule_service.go:161.3,181.17 4 1
github.com/UFFeScience/akoflow/internal/application/services/orchestrate_schedule_service/orchestrate_schedule_service.go:181.17,183.4 1 1
github.com/UFFeScience/akoflow/internal/application/services/orchestrate_schedule_service/orchestrate_schedule_service.go:185.3,185.70 1 1
github.com/UFFeScience/akoflow/internal/application/services/orchestrate_schedule_service/orchestrate_schedule_service.go:188.2,188.37 1 1
github.com/UFFeScience/akoflow/internal/application/services/orchestrate_schedule_service/orchestrate_schedule_service.go:192.106,193.24 1 1
github.com/UFFeScience/akoflow/internal/application/services/orchestrate_schedule_service/orchestrate_schedule_service.go:193.24,195.3 1 1
github.com/UFFeScience/akoflow/internal/application/services/orchestrate_schedule_service/orchestrate_schedule_service.go:196.2,198.31 2 1
github.com/UFFeScience/akoflow/internal/application/services/orchestrate_schedule_service/orchestrate_schedule_service.go:198.31,199.67 1 1
github.com/UFFeScience/akoflow/internal/application/services/orchestrate_schedule_service/orchestrate_schedule_service.go:199.67,201.4 1 1
github.com/UFFeScience/akoflow/internal/application/services/orchestrate_schedule_service/orchestrate_schedule_service.go:204.2,204.17 1 1
github.com/UFFeScience/akoflow/internal/application/services/orchestrate_schedule_service/orchestrate_schedule_service.go:207.115,213.16 2 1
github.com/UFFeScience/akoflow/internal/application/services/orchestrate_schedule_service/orchestrate_schedule_service.go:213.16,216.3 2 1
github.com/UFFeScience/akoflow/internal/application/services/orchestrate_schedule_service/orchestrate_schedule_service.go:218.2,222.16 3 1
github.com/UFFeScience/akoflow/internal/application/services/orchestrate_schedule_service/orchestrate_schedule_service.go:222.16,225.3 2 1
github.com/UFFeScience/akoflow/internal/application/services/orchestrate_schedule_service/orchestrate_schedule_service.go:227.2,228.16 2 1
github.com/UFFeScience/akoflow/internal/application/services/orchestrate_schedule_service/orchestrate_schedule_service.go:228.16,231.3 2 1
github.com/UFFeScience/akoflow/internal/application/services/orchestrate_schedule_service/orchestrate_schedule_service.go:233.2,235.9 2 1
github.com/UFFeScience/akoflow/internal/application/services/orchestrate_schedule_service/orchestrate_schedule_service.go:235.9,238.3 2 1
github.com/UFFeScience/akoflow/internal/application/services/orchestrate_schedule_service/orchestrate_schedule_service.go:240.2,242.20 2 1
github.com/UFFeScience/akoflow/internal/application/services/resource_current_metrics_service/resource_current_metrics_service.go:19.39,19.73 1 1
github.com/UFFeScience/akoflow/internal/application/services/resource_current_metrics_service/resource_current_metrics_service.go:20.39,20.79 1 1
github.com/UFFeScience/akoflow/internal/application/services/resource_current_metrics_service/resource_current_metrics_service.go:27.20,29.2 1 1
github.com/UFFeScience/akoflow/internal/application/services/resource_current_metrics_service/resource_current_metrics_service.go:31.114,33.35 2 1
github.com/UFFeScience/akoflow/internal/application/services/resource_current_metrics_service/resource_current_metrics_service.go:33.35,35.3 1 1
github.com/UFFeScience/akoflow/internal/application/services/resource_current_metrics_service/resource_current_metrics_service.go:36.2,38.16 3 1
github.com/UFFeScience/akoflow/internal/application/services/resource_current_metrics_service/resource_current_metrics_service.go:38.16,40.3 1 1
github.com/UFFeScience/akoflow/internal/application/services/resource_current_metrics_service/resource_current_metrics_service.go:41.2,42.16 2 1
github.com/UFFeScience/akoflow/internal/application/services/resource_current_metrics_service/resource_current_metrics_service.go:42.16,44.3 1 1
github.com/UFFeScience/akoflow/internal/application/services/resource_current_metrics_service/resource_current_metrics_service.go:45.2,46.35 2 1
github.com/UFFeScience/akoflow/internal/application/services/resource_current_metrics_service/resource_current_metrics_service.go:46.35,48.3 1 1
github.com/UFFeScience/akoflow/internal/application/services/resource_current_metrics_service/resource_current_metrics_service.go:49.2,49.35 1 1
github.com/UFFeScience/akoflow/internal/application/services/resource_current_metrics_service/resource_current_metrics_service.go:49.35,51.3 1 1
github.com/UFFeScience/akoflow/internal/application/services/resource_current_metrics_service/resource_current_metrics_service.go:52.2,52.37 1 1
github.com/UFFeScience/akoflow/internal/application/services/resource_current_metrics_service/resource_current_metrics_service.go:52.37,53.38 1 1
github.com/UFFeScience/akoflow/internal/application/services/resource_current_metrics_service/resource_current_metrics_service.go:53.38,56.4 2 1
github.com/UFFeScience/akoflow/internal/application/services/resource_current_metrics_service/resource_current_metrics_service.go:58.2,58.20 1 1
github.com/UFFeScience/akoflow/internal/application/utils/workflow_utils.go:11.57,13.31 2 1
github.com/UFFeScience/akoflow/internal/application/utils/workflow_utils.go:13.31,15.3 1 1
github.com/UFFeScience/akoflow/internal/application/utils/workflow_utils.go:16.2,16.12 1 1
github.com/UFFeScience/akoflow/internal/application/utils/workflow_utils.go:19.132,21.31 2 1
github.com/UFFeScience/akoflow/internal/application/utils/workflow_utils.go:21.31,22.36 1 1
github.com/UFFeScience/akoflow/internal/application/utils/workflow_utils.go:22.36,23.12 1 1
github.com/UFFeScience/akoflow/internal/application/utils/workflow_utils.go:25.3,26.52 2 1
github.com/UFFeScience/akoflow/internal/application/utils/workflow_utils.go:28.2,28.26 1 1
github.com/UFFeScience/akoflow/internal/application/utils/workflow_utils.go:31.126,32.41 1 1
github.com/UFFeScience/akoflow/internal/application/utils/workflow_utils.go:32.41,34.3 1 1
github.com/UFFeScience/akoflow/internal/application/utils/workflow_utils.go:35.2,36.17 2 1
github.com/UFFeScience/akoflow/internal/application/utils/workflow_utils.go:39.46,45.16 3 1
github.com/UFFeScience/akoflow/internal/application/utils/workflow_utils.go:45.16,48.3 1 1
github.com/UFFeScience/akoflow/internal/application/utils/workflow_utils.go:51.2,51.36 1 1
github.com/UFFeScience/akoflow/internal/cli/api/server_connector/server_connector_workflow/server_connector_workflow.go:18.22,22.2 1 1
github.com/UFFeScience/akoflow/internal/cli/api/server_connector/server_connector_workflow/server_connector_workflow.go:24.51,25.19 1 1
github.com/UFFeScience/akoflow/internal/cli/api/server_connector/server_connector_workflow/server_connector_workflow.go:25.19,27.3 1 1
github.com/UFFeScience/akoflow/internal/cli/api/server_connector/server_connector_workflow/server_connector_workflow.go:28.2,28.34 1 1
github.com/UFFeScience/akoflow/internal/cli/api/server_connector/server_connector_workflow/server_connector_workflow.go:40.85,48.16 4 1
github.com/UFFeScience/akoflow/internal/cli/api/server_connector/server_connector_workflow/server_connector_workflow.go:48.16,50.3 1 1
github.com/UFFeScience/akoflow/internal/cli/api/server_connector/server_connector_workflow/server_connector_workflow.go:52.2,55.16 3 1
github.com/UFFeScience/akoflow/internal/cli/api/server_connector/server_connector_workflow/server_connector_workflow.go:55.16,57.3 1 1
github.com/UFFeScience/akoflow/internal/cli/api/server_connector/server_connector_workflow/server_connector_workflow.go:58.2,59.86 2 1
github.com/UFFeScience/akoflow/internal/cli/api/server_connector/server_connector_workflow/server_connector_workflow.go:59.86,61.3 1 1
github.com/UFFeScience/akoflow/internal/cli/api/server_connector/server_connector_workflow/server_connector_workflow.go:63.2,64.67 2 1
github.com/UFFeScience/akoflow/internal/cli/api/server_connector/server_connector_workflow/server_connector_workflow.go:64.67,66.3 1 1
github.com/UFFeScience/akoflow/internal/cli/api/server_connector/server_connector_workflow/server_connector_workflow.go:67.2,67.12 1 1
github.com/UFFeScience/akoflow/internal/cli/api/server_connector/server_connector.go:14.29,16.2 1 1
github.com/UFFeScience/akoflow/internal/cli/api/server_connector/server_connector.go:18.74,20.2 1 1
github.com/UFFeScience/akoflow/internal/application/services/run_schedule_service/running_schedule_service.go:22.31,25.63 1 1
github.com/UFFeScience/akoflow/internal/application/services/run_schedule_service/running_schedule_service.go:25.63,25.91 1 0
github.com/UFFeScience/akoflow/internal/application/services/run_schedule_service/running_schedule_service.go:29.118,31.2 1 1
github.com/UFFeScience/akoflow/internal/application/services/run_schedule_service/running_schedule_service.go:33.111,39.16 2 1
github.com/UFFeScience/akoflow/internal/application/services/run_schedule_service/running_schedule_service.go:39.16,42.3 2 1
github.com/UFFeScience/akoflow/internal/application/services/run_schedule_service/running_schedule_service.go:44.2,48.16 3 1
github.com/UFFeScience/akoflow/internal/application/services/run_schedule_service/running_schedule_service.go:48.16,51.3 2 1
github.com/UFFeScience/akoflow/internal/application/services/run_schedule_service/running_schedule_service.go:53.2,54.16 2 1
github.com/UFFeScience/akoflow/internal/application/services/run_schedule_service/running_schedule_service.go:54.16,57.3 2 1
github.com/UFFeScience/akoflow/internal/application/services/run_schedule_service/running_schedule_service.go:59.2,61.9 2 1
github.com/UFFeScience/akoflow/internal/application/services/run_schedule_service/running_schedule_service.go:61.9,64.3 2 1
github.com/UFFeScience/akoflow/internal/application/services/run_schedule_service/running_schedule_service.go:75.2,77.20 2 1
github.com/UFFeScience/akoflow/internal/application/services/run_activity_in_cluster_service/run_activity_in_cluster_service.go:26.41,32.59 1 1
github.com/UFFeScience/akoflow/internal/application/services/run_activity_in_cluster_service/run_activity_in_cluster_service.go:32.59,34.4 1 1
github.com/UFFeScience/akoflow/internal/application/services/run_activity_in_cluster_service/run_activity_in_cluster_service.go:43.32,50.2 1 1
github.com/UFFeScience/akoflow/internal/application/services/run_activity_in_cluster_service/run_activity_in_cluster_service.go:52.65,55.16 2 1
github.com/UFFeScience/akoflow/internal/application/services/run_activity_in_cluster_service/run_activity_in_cluster_service.go:55.16,58.3 2 1
github.com/UFFeScience/akoflow/internal/application/services/run_activity_in_cluster_service/run_activity_in_cluster_service.go:60.2,61.16 2 1
github.com/UFFeScience/akoflow/internal/application/services/run_activity_in_cluster_service/run_activity_in_cluster_service.go:61.16,63.3 1 1
github.com/UFFeScience/akoflow/internal/application/services/run_activity_in_cluster_service/run_activity_in_cluster_service.go:65.2,66.47 2 1
github.com/UFFeScience/akoflow/internal/application/services/run_activity_in_cluster_service/run_activity_in_cluster_service.go:66.47,68.17 2 1
github.com/UFFeScience/akoflow/internal/application/services/run_activity_in_cluster_service/run_activity_in_cluster_service.go:68.17,70.4 1 1
github.com/UFFeScience/akoflow/internal/application/services/run_activity_in_cluster_service/run_activity_in_cluster_service.go:71.3,71.74 1 1
github.com/UFFeScience/akoflow/internal/application/services/run_activity_in_cluster_service/run_activity_in_cluster_service.go:73.2,74.35 2 1
github.com/UFFeScience/akoflow/internal/application/services/run_activity_in_cluster_service/run_activity_in_cluster_service.go:74.35,76.17 2 1
github.com/UFFeScience/akoflow/internal/application/services/run_activity_in_cluster_service/run_activity_in_cluster_service.go:76.17,78.4 1 1
github.com/UFFeScience/akoflow/internal/application/services/run_activity_in_cluster_service/run_activity_in_cluster_service.go:79.3,79.96 1 1
github.com/UFFeScience/akoflow/internal/application/services/run_activity_in_cluster_service/run_activity_in_cluster_service.go:81.2,87.20 5 1
github.com/UFFeScience/akoflow/internal/application/services/run_activity_in_cluster_service/run_activity_in_cluster_service.go:87.20,89.3 1 1
github.com/UFFeScience/akoflow/internal/application/services/run_activity_in_cluster_service/run_activity_in_cluster_service.go:90.2,90.55 1 1
github.com/UFFeScience/akoflow/internal/application/services/run_activity_in_cluster_service/run_activity_in_cluster_service.go:90.55,92.3 1 1
github.com/UFFeScience/akoflow/internal/application/services/run_activity_in_cluster_service/run_activity_in_cluster_service.go:94.2,95.12 2 1
github.com/UFFeScience/akoflow/internal/cli/application/dispatch_to_server_run_workflow_service/dispatch_to_server_run_workflow_service.go:17.97,21.2 1 1
github.com/UFFeScience/akoflow/internal/cli/application/dispatch_to_server_run_workflow_service/dispatch_to_server_run_workflow_service.go:23.103,26.2 2 1
github.com/UFFeScience/akoflow/internal/cli/application/dispatch_to_server_run_workflow_service/dispatch_to_server_run_workflow_service.go:28.103,31.2 2 1
github.com/UFFeScience/akoflow/internal/cli/application/dispatch_to_server_run_workflow_service/dispatch_to_server_run_workflow_service.go:33.103,36.2 2 1
github.com/UFFeScience/akoflow/internal/cli/application/dispatch_to_server_run_workflow_service/dispatch_to_server_run_workflow_service.go:38.63,40.2 1 1
github.com/UFFeScience/akoflow/internal/cli/application/dispatch_to_server_run_workflow_service/dispatch_to_server_run_workflow_service.go:42.63,44.2 1 1
github.com/UFFeScience/akoflow/internal/cli/application/dispatch_to_server_run_workflow_service/dispatch_to_server_run_workflow_service.go:46.63,48.2 1 1
github.com/UFFeScience/akoflow/internal/cli/application/dispatch_to_server_run_workflow_service/dispatch_to_server_run_workflow_service.go:50.58,53.2 2 1
github.com/UFFeScience/akoflow/internal/cli/application/dispatch_to_server_run_workflow_service/dispatch_to_server_run_workflow_service.go:55.91,60.2 3 1
github.com/UFFeScience/akoflow/internal/cli/application/dispatch_to_server_run_workflow_service/dispatch_to_server_run_workflow_service.go:62.85,64.2 1 1
github.com/UFFeScience/akoflow/internal/cli/application/dispatch_to_server_run_workflow_service/dispatch_to_server_run_workflow_service.go:66.91,68.2 1 1
github.com/UFFeScience/akoflow/internal/cli/application/flag_validator_service/flag_validator_service.go:10.34,12.2 1 1
github.com/UFFeScience/akoflow/internal/cli/application/flag_validator_service/flag_validator_service.go:14.65,15.16 1 1
github.com/UFFeScience/akoflow/internal/cli/application/flag_validator_service/flag_validator_service.go:15.16,17.3 1 1
github.com/UFFeScience/akoflow/internal/cli/application/flag_validator_service/flag_validator_service.go:19.2,19.49 1 1
github.com/UFFeScience/akoflow/internal/cli/application/flag_validator_service/flag_validator_service.go:19.49,21.3 1 1
github.com/UFFeScience/akoflow/internal/cli/application/flag_validator_service/flag_validator_service.go:23.2,23.13 1 1
github.com/UFFeScience/akoflow/internal/cli/application/flag_validator_service/flag_validator_service.go:26.65,28.2 1 1
github.com/UFFeScience/akoflow/internal/cli/application/flag_validator_service/flag_validator_service.go:30.65,31.16 1 1
github.com/UFFeScience/akoflow/internal/cli/application/flag_validator_service/flag_validator_service.go:31.16,33.3 1 1
github.com/UFFeScience/akoflow/internal/cli/application/flag_validator_service/flag_validator_service.go:35.2,36.16 2 1
github.com/UFFeScience/akoflow/internal/cli/application/flag_validator_service/flag_validator_service.go:36.16,38.3 1 1
github.com/UFFeScience/akoflow/internal/cli/application/flag_validator_service/flag_validator_service.go:40.2,40.45 1 1
github.com/UFFeScience/akoflow/internal/cli/application/check_akoflow_service/check_akoflow_service.go:29.65,29.96 1 1
github.com/UFFeScience/akoflow/internal/cli/application/check_akoflow_service/check_akoflow_service.go:41.33,43.2 1 1
github.com/UFFeScience/akoflow/internal/cli/application/check_akoflow_service/check_akoflow_service.go:45.79,47.2 1 1
github.com/UFFeScience/akoflow/internal/cli/application/check_akoflow_service/check_akoflow_service.go:49.73,52.2 2 1
github.com/UFFeScience/akoflow/internal/cli/application/check_akoflow_service/check_akoflow_service.go:54.73,57.2 2 1
github.com/UFFeScience/akoflow/internal/cli/application/check_akoflow_service/check_akoflow_service.go:59.83,62.2 2 1
github.com/UFFeScience/akoflow/internal/cli/application/check_akoflow_service/check_akoflow_service.go:64.48,66.2 1 1
github.com/UFFeScience/akoflow/internal/cli/application/check_akoflow_service/check_akoflow_service.go:68.48,70.2 1 1
github.com/UFFeScience/akoflow/internal/cli/application/check_akoflow_service/check_akoflow_service.go:72.37,73.37 1 1
github.com/UFFeScience/akoflow/internal/cli/application/check_akoflow_service/check_akoflow_service.go:73.37,75.3 1 1
github.com/UFFeScience/akoflow/internal/cli/application/check_akoflow_service/check_akoflow_service.go:78.81,88.16 5 1
github.com/UFFeScience/akoflow/internal/cli/application/check_akoflow_service/check_akoflow_service.go:88.16,91.3 2 1
github.com/UFFeScience/akoflow/internal/cli/application/check_akoflow_service/check_akoflow_service.go:92.2,95.16 3 1
github.com/UFFeScience/akoflow/internal/cli/application/check_akoflow_service/check_akoflow_service.go:95.16,98.3 2 1
github.com/UFFeScience/akoflow/internal/cli/application/check_akoflow_service/check_akoflow_service.go:99.2,103.16 4 1
github.com/UFFeScience/akoflow/internal/cli/application/check_akoflow_service/check_akoflow_service.go:103.16,106.3 2 1
github.com/UFFeScience/akoflow/internal/cli/application/check_akoflow_service/check_akoflow_service.go:108.2,108.27 1 1
github.com/UFFeScience/akoflow/internal/cli/application/check_akoflow_service/check_akoflow_service.go:108.27,110.3 1 1
github.com/UFFeScience/akoflow/internal/cli/application/check_akoflow_service/check_akoflow_service.go:110.8,112.3 1 1
github.com/UFFeScience/akoflow/internal/cli/application/install_akoflow_local_service/install_akoflow_local_service.go:39.40,44.2 1 0
github.com/UFFeScience/akoflow/internal/cli/application/install_akoflow_local_service/install_akoflow_local_service.go:46.157,49.2 2 0
github.com/UFFeScience/akoflow/internal/cli/application/install_akoflow_local_service/install_akoflow_local_service.go:51.48,70.2 7 0
github.com/UFFeScience/akoflow/internal/cli/application/install_akoflow_local_service/install_akoflow_local_service.go:72.129,87.22 7 0
github.com/UFFeScience/akoflow/internal/cli/application/install_akoflow_local_service/install_akoflow_local_service.go:87.22,91.3 3 0
github.com/UFFeScience/akoflow/internal/cli/application/install_akoflow_local_service/install_akoflow_local_service.go:93.2,99.20 2 0
github.com/UFFeScience/akoflow/internal/cli/application/install_akoflow_local_service/install_akoflow_local_service.go:102.139,104.33 1 0
github.com/UFFeScience/akoflow/internal/cli/application/install_akoflow_local_service/install_akoflow_local_service.go:104.33,108.3 1 0
github.com/UFFeScience/akoflow/internal/cli/application/install_kubernetes_local_service/install_kubernetes_local_service.go:12.43,14.2 1 0
github.com/UFFeScience/akoflow/internal/cli/application/install_kubernetes_local_service/install_kubernetes_local_service.go:16.51,18.23 1 0
github.com/UFFeScience/akoflow/internal/cli/application/install_kubernetes_local_service/install_kubernetes_local_service.go:18.23,20.3 1 0
github.com/UFFeScience/akoflow/internal/cli/application/install_kubernetes_local_service/install_kubernetes_local_service.go:22.2,22.23 1 0
github.com/UFFeScience/akoflow/internal/cli/application/install_kubernetes_local_service/install_kubernetes_local_service.go:22.23,23.38 1 0
github.com/UFFeScience/akoflow/internal/cli/application/install_kubernetes_local_service/install_kubernetes_local_service.go:28.61,29.51 1 0
github.com/UFFeScience/akoflow/internal/cli/application/install_kubernetes_local_service/install_kubernetes_local_service.go:29.51,31.3 1 0
github.com/UFFeScience/akoflow/internal/cli/application/install_kubernetes_local_service/install_kubernetes_local_service.go:32.2,32.13 1 0
github.com/UFFeScience/akoflow/internal/cli/application/install_kubernetes_local_service/install_kubernetes_local_service.go:35.63,37.49 2 0
github.com/UFFeScience/akoflow/internal/cli/application/install_kubernetes_local_service/install_kubernetes_local_service.go:37.49,39.3 1 0
github.com/UFFeScience/akoflow/internal/cli/application/install_kubernetes_local_service/install_kubernetes_local_service.go:39.8,41.3 1 0
github.com/UFFeScience/akoflow/internal/cli/application/install_kubernetes_local_service/install_kubernetes_local_service.go:42.2,42.12 1 0
github.com/UFFeScience/akoflow/internal/cli/application/install_kubernetes_local_service/install_kubernetes_local_service.go:45.62,46.52 1 0
github.com/UFFeScience/akoflow/internal/cli/application/install_kubernetes_local_service/install_kubernetes_local_service.go:46.52,48.3 1 0
github.com/UFFeScience/akoflow/internal/cli/application/install_kubernetes_local_service/install_kubernetes_local_service.go:49.2,49.13 1 0
github.com/UFFeScience/akoflow/internal/cli/application/ssh_connection_service/ssh_connection_service.go:18.74,20.2 1 1
github.com/UFFeScience/akoflow/internal/cli/application/ssh_connection_service/ssh_connection_service.go:22.34,24.2 1 1
github.com/UFFeScience/akoflow/internal/cli/application/ssh_connection_service/ssh_connection_service.go:26.97,28.27 2 1
github.com/UFFeScience/akoflow/internal/cli/application/ssh_connection_service/ssh_connection_service.go:28.27,30.3 1 1
github.com/UFFeScience/akoflow/internal/cli/application/ssh_connection_service/ssh_connection_service.go:30.8,32.17 2 1
github.com/UFFeScience/akoflow/internal/cli/application/ssh_connection_service/ssh_connection_service.go:32.17,34.4 1 1
github.com/UFFeScience/akoflow/internal/cli/application/ssh_connection_service/ssh_connection_service.go:35.3,36.17 2 0
github.com/UFFeScience/akoflow/internal/cli/application/ssh_connection_service/ssh_connection_service.go:36.17,38.4 1 0
github.com/UFFeScience/akoflow/internal/cli/application/ssh_connection_service/ssh_connection_service.go:39.3,39.60 1 0
github.com/UFFeScience/akoflow/internal/cli/application/ssh_connection_service/ssh_connection_service.go:42.2,50.16 4 1
github.com/UFFeScience/akoflow/internal/cli/application/ssh_connection_service/ssh_connection_service.go:50.16,52.3 1 1
github.com/UFFeScience/akoflow/internal/cli/application/ssh_connection_service/ssh_connection_service.go:54.2,54.24 1 0
github.com/UFFeScience/akoflow/internal/cli/application/ssh_connection_service/ssh_connection_service.go:57.70,59.2 1 0
github.com/UFFeScience/akoflow/internal/cli/application/ssh_connection_service/ssh_connection_service.go:61.63,65.33 3 1
github.com/UFFeScience/akoflow/internal/cli/application/ssh_connection_service/ssh_connection_service.go:65.33,67.50 2 1
github.com/UFFeScience/akoflow/internal/cli/application/ssh_connection_service/ssh_connection_service.go:67.50,70.4 2 1
github.com/UFFeScience/akoflow/internal/cli/application/ssh_connection_service/ssh_connection_service.go:73.2,76.30 3 1
github.com/UFFeScience/akoflow/internal/cli/application/ssh_connection_service/ssh_connection_service.go:76.30,78.3 1 1
github.com/UFFeScience/akoflow/internal/cli/application/ssh_connection_service/ssh_connection_service.go:81.74,83.2 1 1
github.com/UFFeScience/akoflow/internal/cli/application/ssh_connection_service/ssh_connection_service.go:85.76,87.2 1 1
github.com/UFFeScience/akoflow/internal/cli/application/ssh_connection_service/ssh_connection_service.go:89.79,90.23 1 1
github.com/UFFeScience/akoflow/internal/cli/application/ssh_connection_service/ssh_connection_service.go:90.23,92.3 1 1
github.com/UFFeScience/akoflow/internal/cli/application/ssh_connection_service/ssh_connection_service.go:93.2,93.20 1 1
github.com/UFFeScience/akoflow/internal/cli/application/ssh_connection_service/ssh_connection_service.go:96.111,98.16 2 1
github.com/UFFeScience/akoflow/internal/cli/application/ssh_connection_service/ssh_connection_service.go:98.16,101.3 2 1
github.com/UFFeScience/akoflow/internal/cli/application/ssh_connection_service/ssh_connection_service.go:103.2,104.29 2 0
github.com/UFFeScience/akoflow/internal/cli/application/ssh_connection_service/ssh_connection_service.go:107.51,108.43 1 1
github.com/UFFeScience/akoflow/internal/cli/application/ssh_connection_service/ssh_connection_service.go:108.43,110.3 1 0
github.com/UFFeScience/akoflow/internal/cli/application/ssh_connection_service/ssh_connection_service.go:113.81,116.33 2 1
github.com/UFFeScience/akoflow/internal/cli/application/ssh_connection_service/ssh_connection_service.go:116.33,118.50 2 1
github.com/UFFeScience/akoflow/internal/cli/application/ssh_connection_service/ssh_connection_service.go:118.50,121.4 2 1
github.com/UFFeScience/akoflow/internal/cli/application/ssh_connection_service/ssh_connection_service.go:124.2,124.11 1 1
github.com/UFFeScience/akoflow/internal/cli/application/ssh_connection_service/ssh_connection_service.go:127.116,130.16 3 1
github.com/UFFeScience/akoflow/internal/cli/application/ssh_connection_service/ssh_connection_service.go:130.16,133.3 2 1
github.com/UFFeScience/akoflow/internal/cli/application/ssh_connection_service/ssh_connection_service.go:134.2,136.31 2 0
github.com/UFFeScience/akoflow/internal/cli/application/ssh_connection_service/ssh_connection_service.go:136.31,138.17 2 0
github.com/UFFeScience/akoflow/internal/cli/application/ssh_connection_service/ssh_connection_service.go:138.17,141.4 2 0
github.com/UFFeScience/akoflow/internal/cli/application/ssh_connection_service/ssh_connection_service.go:142.3,148.17 5 0
github.com/UFFeScience/akoflow/internal/cli/application/ssh_connection_service/ssh_connection_service.go:148.17,151.4 2 0
github.com/UFFeScience/akoflow/internal/cli/application/ssh_connection_service/ssh_connection_service.go:153.3,156.18 3 0
github.com/UFFeScience/akoflow/internal/cli/application/ssh_connection_service/ssh_connection_service.go:158.2,158.17 1 0
github.com/UFFeScience/akoflow/internal/cli/commands/cli_service/cli_service.go:17.40,19.43 1 0
github.com/UFFeScience/akoflow/internal/cli/commands/cli_service/cli_service.go:19.43,20.52 1 0
github.com/UFFeScience/akoflow/internal/cli/commands/cli_service/cli_service.go:23.2,23.32 1 0
github.com/UFFeScience/akoflow/internal/cli/commands/cli_service/run_cli_service/run_cli_service.go:15.27,17.2 1 0
github.com/UFFeScience/akoflow/internal/cli/commands/cli_service/run_cli_service/run_cli_service.go:19.31,28.51 6 0
github.com/UFFeScience/akoflow/internal/cli/commands/cli_service/run_cli_service/run_cli_service.go:28.51,29.24 1 0
github.com/UFFeScience/akoflow/internal/cli/commands/cli_service/run_cli_service/run_cli_service.go:32.2,32.47 1 0
github.com/UFFeScience/akoflow/internal/cli/commands/cli_service/run_cli_service/run_cli_service.go:32.47,33.24 1 0
github.com/UFFeScience/akoflow/internal/cli/commands/cli_service/run_cli_service/run_cli_service.go:36.2,36.47 1 0
github.com/UFFeScience/akoflow/internal/cli/commands/cli_service/run_cli_service/run_cli_service.go:36.47,37.24 1 0
github.com/UFFeScience/akoflow/internal/cli/commands/cli_service/run_cli_service/run_cli_service.go:40.2,46.65 3 0
github.com/UFFeScience/akoflow/internal/cli/commands/cli_service/run_cli_service/run_cli_service.go:46.65,47.13 1 0
github.com/UFFeScience/akoflow/internal/cli/commands/cli_service/install_cli_service/install_cli_service.go:15.31,17.2 1 0
github.com/UFFeScience/akoflow/internal/cli/commands/cli_service/install_cli_service/install_cli_service.go:19.35,32.29 6 0
github.com/UFFeScience/akoflow/internal/cli/commands/cli_service/install_cli_service/install_cli_service.go:32.29,34.3 1 0
github.com/UFFeScience/akoflow/internal/cli/commands/cli_service/install_cli_service/install_cli_service.go:36.2,40.12 2 0
github.com/UFFeScience/akoflow/internal/domain/planning/schedule/schedule_entity.go:13.37,15.2 1 1
github.com/UFFeScience/akoflow/internal/domain/planning/schedule/schedule_entity.go:17.42,19.2 1 1
github.com/UFFeScience/akoflow/internal/domain/planning/schedule/schedule_entity.go:21.42,23.2 1 1
github.com/UFFeScience/akoflow/internal/domain/planning/schedule/schedule_entity.go:25.42,26.18 1 1
github.com/UFFeScience/akoflow/internal/domain/planning/schedule/schedule_entity.go:26.18,28.3 1 1
github.com/UFFeScience/akoflow/internal/domain/planning/schedule/schedule_entity.go:29.2,29.15 1 1
github.com/UFFeScience/akoflow/internal/domain/planning/schedule/schedule_entity.go:32.50,39.2 1 1
github.com/UFFeScience/akoflow/internal/domain/resource/resource.go:72.59,73.16 1 1
github.com/UFFeScience/akoflow/internal/domain/resource/resource.go:73.16,75.3 1 0
github.com/UFFeScience/akoflow/internal/domain/resource/resource.go:76.2,76.35 1 1
github.com/UFFeScience/akoflow/internal/domain/resource/resource.go:76.35,78.3 1 0
github.com/UFFeScience/akoflow/internal/domain/resource/resource.go:79.2,79.73 1 1
github.com/UFFeScience/akoflow/internal/domain/resource/runtime/runtime_entity.go:13.115,21.2 1 1
github.com/UFFeScience/akoflow/internal/domain/resource/runtime/runtime_entity.go:22.36,24.2 1 1
github.com/UFFeScience/akoflow/internal/domain/resource/runtime/runtime_entity.go:26.35,28.2 1 1
github.com/UFFeScience/akoflow/internal/domain/resource/runtime/runtime_entity.go:30.51,32.2 1 1
github.com/UFFeScience/akoflow/internal/domain/resource/runtime/runtime_entity.go:34.64,37.41 3 1
github.com/UFFeScience/akoflow/internal/domain/resource/runtime/runtime_entity.go:37.41,39.3 1 1
github.com/UFFeScience/akoflow/internal/domain/resource/runtime/runtime_entity.go:40.2,40.11 1 1
github.com/UFFeScience/akoflow/internal/domain/resource/runtime/runtime_entity.go:46.54,49.38 3 1
github.com/UFFeScience/akoflow/internal/domain/resource/runtime/runtime_entity.go:49.38,51.3 1 1
github.com/UFFeScience/akoflow/internal/domain/resource/runtime/runtime_entity.go:52.2,52.11 1 1
github.com/UFFeScience/akoflow/internal/domain/resource/runtime/runtime_entity.go:58.53,61.36 3 1
github.com/UFFeScience/akoflow/internal/domain/resource/runtime/runtime_entity.go:61.36,63.3 1 1
github.com/UFFeScience/akoflow/internal/domain/resource/runtime/runtime_entity.go:64.2,64.11 1 1
github.com/UFFeScience/akoflow/internal/domain/resource/runtime/runtime_entity.go:67.41,69.2 1 1
github.com/UFFeScience/akoflow/internal/domain/resource/runtime/runtime_entity.go:71.41,73.2 1 1
github.com/UFFeScience/akoflow/internal/domain/workflow/definition/workflow_entity.go:59.45,71.22 7 1
github.com/UFFeScience/akoflow/internal/domain/workflow/definition/workflow_entity.go:71.22,73.3 1 1
github.com/UFFeScience/akoflow/internal/domain/workflow/definition/workflow_entity.go:75.2,75.26 1 1
github.com/UFFeScience/akoflow/internal/domain/workflow/definition/workflow_entity.go:75.26,77.3 1 1
github.com/UFFeScience/akoflow/internal/domain/workflow/definition/workflow_entity.go:79.2,79.16 1 1
github.com/UFFeScience/akoflow/internal/domain/workflow/definition/workflow_entity.go:79.16,81.3 1 0
github.com/UFFeScience/akoflow/internal/domain/workflow/definition/workflow_entity.go:83.2,83.21 1 1
github.com/UFFeScience/akoflow/internal/domain/workflow/definition/workflow_entity.go:86.35,88.2 1 1
github.com/UFFeScience/akoflow/internal/domain/workflow/definition/workflow_entity.go:90.35,92.2 1 1
github.com/UFFeScience/akoflow/internal/domain/workflow/definition/workflow_entity.go:94.46,97.2 2 1
github.com/UFFeScience/akoflow/internal/domain/workflow/definition/workflow_entity.go:103.67,109.2 1 1
github.com/UFFeScience/akoflow/internal/domain/workflow/definition/workflow_entity.go:111.53,113.2 1 1
github.com/UFFeScience/akoflow/internal/domain/workflow/definition/workflow_entity.go:115.52,117.2 1 1
github.com/UFFeScience/akoflow/internal/domain/workflow/definition/workflow_entity.go:119.36,120.36 1 1
github.com/UFFeScience/akoflow/internal/domain/workflow/definition/workflow_entity.go:120.36,122.3 1 1
github.com/UFFeScience/akoflow/internal/domain/workflow/definition/workflow_entity.go:124.2,124.35 1 1
github.com/UFFeScience/akoflow/internal/domain/workflow/definition/workflow_entity.go:124.35,126.3 1 1
github.com/UFFeScience/akoflow/internal/domain/workflow/definition/workflow_entity.go:128.2,128.11 1 1
github.com/UFFeScience/akoflow/internal/domain/workflow/definition/workflow_entity.go:131.31,133.2 1 1
github.com/UFFeScience/akoflow/internal/domain/workflow/definition/workflow_entity.go:135.54,137.2 1 1
github.com/UFFeScience/akoflow/internal/domain/workflow/definition/workflow_entity.go:139.41,141.2 1 1
github.com/UFFeScience/akoflow/internal/domain/workflow/definition/workflow_entity.go:143.48,145.2 1 1
github.com/UFFeScience/akoflow/internal/domain/workflow/definition/workflow_entity.go:147.43,149.2 1 1
github.com/UFFeScience/akoflow/internal/domain/workflow/definition/workflow_entity.go:151.49,153.2 1 1
github.com/UFFeScience/akoflow/internal/domain/workflow/definition/workflow_entity.go:155.41,157.2 1 1
github.com/UFFeScience/akoflow/internal/domain/workflow/definition/workflow_entity.go:159.43,164.45 3 1
github.com/UFFeScience/akoflow/internal/domain/workflow/definition/workflow_entity.go:164.45,165.29 1 1
github.com/UFFeScience/akoflow/internal/domain/workflow/definition/workflow_entity.go:165.29,167.4 1 1
github.com/UFFeScience/akoflow/internal/domain/workflow/definition/workflow_entity.go:170.2,170.32 1 1
github.com/UFFeScience/akoflow/internal/domain/workflow/definition/workflow_entity.go:170.32,172.3 1 1
github.com/UFFeScience/akoflow/internal/domain/workflow/definition/workflow_entity.go:174.2,174.26 1 1
github.com/UFFeScience/akoflow/internal/domain/workflow/definition/workflow_entity.go:174.26,176.3 1 1
github.com/UFFeScience/akoflow/internal/domain/workflow/definition/workflow_entity.go:179.2,181.27 2 1
github.com/UFFeScience/akoflow/internal/domain/workflow/definition/workflow_entity.go:185.51,189.26 3 1
github.com/UFFeScience/akoflow/internal/domain/workflow/definition/workflow_entity.go:189.26,190.39 1 1
github.com/UFFeScience/akoflow/internal/domain/workflow/definition/workflow_entity.go:190.40,192.4 0 1
github.com/UFFeScience/akoflow/internal/domain/workflow/definition/workflow_entity.go:192.9,197.4 2 1
github.com/UFFeScience/akoflow/internal/domain/workflow/definition/workflow_entity.go:199.2,199.15 1 1
github.com/UFFeScience/akoflow/internal/domain/workflow/definition/workflow_entity.go:202.60,204.2 1 1
github.com/UFFeScience/akoflow/internal/domain/workflow/definition/workflow_entity.go:206.66,208.2 1 1
github.com/UFFeScience/akoflow/internal/domain/workflow/definition/workflow_entity.go:215.48,217.2 1 1
github.com/UFFeScience/akoflow/internal/domain/workflow/definition/workflow_entity.go:219.49,221.2 1 1
github.com/UFFeScience/akoflow/internal/domain/workflow/definition/workflow_entity.go:223.50,226.40 2 1
github.com/UFFeScience/akoflow/internal/domain/workflow/definition/workflow_entity.go:226.40,232.3 2 1
github.com/UFFeScience/akoflow/internal/domain/workflow/definition/workflow_entity.go:234.2,234.16 1 1
github.com/UFFeScience/akoflow/internal/domain/workflow/activity/workflow_activity_entity.go:81.67,83.2 1 1
github.com/UFFeScience/akoflow/internal/domain/workflow/activity/workflow_activity_entity.go:85.58,87.2 1 1
github.com/UFFeScience/akoflow/internal/domain/workflow/activity/workflow_activity_entity.go:91.59,94.2 2 1
github.com/UFFeScience/akoflow/internal/domain/workflow/activity/workflow_activity_entity.go:96.47,99.2 1 1
github.com/UFFeScience/akoflow/internal/domain/workflow/activity/workflow_activity_entity.go:101.50,103.2 1 1
github.com/UFFeScience/akoflow/internal/domain/workflow/activity/workflow_activity_entity.go:105.54,107.2 1 1
github.com/UFFeScience/akoflow/internal/domain/workflow/activity/workflow_activity_entity.go:109.43,111.2 1 1
github.com/UFFeScience/akoflow/internal/domain/workflow/activity/workflow_activity_entity.go:113.50,115.2 1 1
github.com/UFFeScience/akoflow/internal/domain/workflow/activity/workflow_activity_entity.go:117.53,118.25 1 1
github.com/UFFeScience/akoflow/internal/domain/workflow/activity/workflow_activity_entity.go:118.25,120.3 1 1
github.com/UFFeScience/akoflow/internal/domain/workflow/activity/workflow_activity_entity.go:122.2,122.11 1 1
github.com/UFFeScience/akoflow/internal/domain/workflow/activity/workflow_activity_entity.go:125.71,128.20 2 1
github.com/UFFeScience/akoflow/internal/domain/workflow/activity/workflow_activity_entity.go:128.20,130.3 1 1
github.com/UFFeScience/akoflow/internal/domain/workflow/activity/workflow_activity_entity.go:132.2,133.46 2 1
github.com/UFFeScience/akoflow/internal/domain/workflow/activity/workflow_activity_entity.go:136.54,138.2 1 1
github.com/UFFeScience/akoflow/internal/domain/workflow/activity/workflow_activity_entity.go:144.97,147.16 2 1
github.com/UFFeScience/akoflow/internal/domain/workflow/activity/workflow_activity_entity.go:147.16,149.3 1 1
github.com/UFFeScience/akoflow/internal/domain/workflow/activity/workflow_activity_entity.go:151.2,155.16 4 1
github.com/UFFeScience/akoflow/internal/domain/workflow/activity/workflow_activity_entity.go:155.16,157.3 1 1
github.com/UFFeScience/akoflow/internal/domain/workflow/activity/workflow_activity_entity.go:159.2,160.54 2 1
github.com/UFFeScience/akoflow/internal/domain/workflow/activity/workflow_activity_entity.go:160.54,162.3 1 1
github.com/UFFeScience/akoflow/internal/domain/workflow/activity/workflow_activity_entity.go:164.2,165.54 2 1
github.com/UFFeScience/akoflow/internal/domain/workflow/activity/workflow_activity_entity.go:165.54,167.3 1 1
github.com/UFFeScience/akoflow/internal/domain/workflow/activity/workflow_activity_entity.go:169.2,170.55 2 1
github.com/UFFeScience/akoflow/internal/domain/workflow/activity/workflow_activity_entity.go:170.55,172.3 1 1
github.com/UFFeScience/akoflow/internal/domain/workflow/activity/workflow_activity_entity.go:174.2,175.51 2 1
github.com/UFFeScience/akoflow/internal/domain/workflow/activity/workflow_activity_entity.go:175.51,177.3 1 1
github.com/UFFeScience/akoflow/internal/domain/workflow/activity/workflow_activity_entity.go:179.2,180.51 2 1
github.com/UFFeScience/akoflow/internal/domain/workflow/activity/workflow_activity_entity.go:180.51,182.3 1 1
github.com/UFFeScience/akoflow/internal/domain/workflow/activity/workflow_activity_entity.go:182.8,184.3 1 1
github.com/UFFeScience/akoflow/internal/domain/workflow/activity/workflow_activity_entity.go:185.2,186.61 2 1
github.com/UFFeScience/akoflow/internal/domain/workflow/activity/workflow_activity_entity.go:186.61,188.3 1 0
github.com/UFFeScience/akoflow/internal/domain/workflow/activity/workflow_activity_entity.go:189.2,190.54 2 1
github.com/UFFeScience/akoflow/internal/domain/workflow/activity/workflow_activity_entity.go:190.54,192.3 1 0
github.com/UFFeScience/akoflow/internal/domain/workflow/activity/workflow_activity_entity.go:194.2,212.3 1 1
github.com/UFFeScience/akoflow/internal/domain/workflow/activity/workflow_activity_entity.go:215.59,216.27 1 1
github.com/UFFeScience/akoflow/internal/domain/workflow/activity/workflow_activity_entity.go:216.27,218.3 1 1
github.com/UFFeScience/akoflow/internal/domain/workflow/activity/workflow_activity_entity.go:220.2,221.16 2 1
github.com/UFFeScience/akoflow/internal/domain/workflow/activity/workflow_activity_entity.go:221.16,222.54 1 1
github.com/UFFeScience/akoflow/internal/domain/workflow/activity/workflow_activity_entity.go:225.2,225.23 1 1
github.com/UFFeScience/akoflow/internal/domain/workflow/activity/workflow_activity_entity.go:228.56,229.24 1 1
github.com/UFFeScience/akoflow/internal/domain/workflow/activity/workflow_activity_entity.go:229.24,231.3 1 1
github.com/UFFeScience/akoflow/internal/domain/workflow/activity/workflow_activity_entity.go:233.2,234.16 2 1
github.com/UFFeScience/akoflow/internal/domain/workflow/activity/workflow_activity_entity.go:234.16,235.51 1 1
github.com/UFFeScience/akoflow/internal/domain/workflow/activity/workflow_activity_entity.go:238.2,238.20 1 1
github.com/UFFeScience/akoflow/internal/domain/workflow/activity/workflow_activity_entity.go:241.53,242.23 1 1
github.com/UFFeScience/akoflow/internal/domain/workflow/activity/workflow_activity_entity.go:242.23,244.3 1 1
github.com/UFFeScience/akoflow/internal/domain/workflow/activity/workflow_activity_entity.go:246.2,246.26 1 1
github.com/UFFeScience/akoflow/internal/domain/workflow/activity/workflow_activity_entity.go:249.58,251.2 1 1
github.com/UFFeScience/akoflow/internal/execution/lifecycle/lifecycle.go:37.83,39.2 1 1
github.com/UFFeScience/akoflow/internal/execution/lifecycle/lifecycle.go:41.124,43.37 2 1
github.com/UFFeScience/akoflow/internal/execution/lifecycle/lifecycle.go:43.37,45.17 2 1
github.com/UFFeScience/akoflow/internal/execution/lifecycle/lifecycle.go:45.17,47.4 1 1
github.com/UFFeScience/akoflow/internal/execution/lifecycle/lifecycle.go:48.3,48.37 1 1
github.com/UFFeScience/akoflow/internal/execution/lifecycle/lifecycle.go:50.2,50.22 1 1
github.com/UFFeScience/akoflow/internal/execution/lifecycle/channel/channel.go:21.29,22.27 1 1
github.com/UFFeScience/akoflow/internal/execution/lifecycle/channel/channel.go:22.27,25.28 3 1
github.com/UFFeScience/akoflow/internal/execution/lifecycle/channel/channel.go:25.28,29.4 2 1
github.com/UFFeScience/akoflow/internal/execution/lifecycle/channel/channel.go:29.10,31.4 0 0
github.com/UFFeScience/akoflow/internal/execution/lifecycle/channel/channel.go:32.9,34.3 0 1
github.com/UFFeScience/akoflow/internal/execution/lifecycle/channel/channel.go:36.2,36.23 1 1
github.com/UFFeScience/akoflow/internal/execution/lifecycle/garbagecollector/garbagecollector.go:12.30,14.6 1 0
github.com/UFFeScience/akoflow/internal/execution/lifecycle/garbagecollector/garbagecollector.go:14.6,18.3 3 0
github.com/UFFeScience/akoflow/internal/execution/lifecycle/garbagecollector/garbagecollector.go:21.31,26.2 2 0
github.com/UFFeScience/akoflow/internal/execution/lifecycle/healthcheck/healthcheck.go:14.25,18.2 1 0
github.com/UFFeScience/akoflow/internal/execution/lifecycle/healthcheck/healthcheck.go:20.42,25.47 3 0
github.com/UFFeScience/akoflow/internal/execution/lifecycle/healthcheck/healthcheck.go:25.47,27.3 1 0
github.com/UFFeScience/akoflow/internal/execution/lifecycle/healthcheck/healthcheck.go:29.2,29.6 1 0
github.com/UFFeScience/akoflow/internal/execution/lifecycle/healthcheck/healthcheck.go:29.6,34.39 3 0
github.com/UFFeScience/akoflow/internal/execution/lifecycle/healthcheck/healthcheck.go:34.39,37.4 2 0
github.com/UFFeScience/akoflow/internal/execution/lifecycle/healthcheck/healthcheck.go:39.3,39.30 1 0
github.com/UFFeScience/akoflow/internal/execution/orchestrator/engine/orchestrator.go:13.26,15.6 1 0
github.com/UFFeScience/akoflow/internal/execution/orchestrator/engine/orchestrator.go:15.6,19.3 3 0
github.com/UFFeScience/akoflow/internal/execution/orchestrator/engine/orchestrator.go:23.27,26.16 3 0
github.com/UFFeScience/akoflow/internal/execution/orchestrator/engine/orchestrator.go:26.16,29.3 2 0
github.com/UFFeScience/akoflow/internal/execution/orchestrator/engine/orchestrator.go:31.2,32.56 2 0
github.com/UFFeScience/akoflow/internal/execution/lifecycle/monitor/monitor.go:13.21,14.6 1 0
github.com/UFFeScience/akoflow/internal/execution/lifecycle/monitor/monitor.go:14.6,19.3 3 0
github.com/UFFeScience/akoflow/internal/execution/lifecycle/monitor/monitor.go:22.22,28.2 4 0
github.com/UFFeScience/akoflow/internal/execution/orchestrator/worker/worker.go:21.20,27.2 1 1
github.com/UFFeScience/akoflow/internal/execution/orchestrator/worker/worker.go:29.101,31.2 1 1
github.com/UFFeScience/akoflow/internal/execution/orchestrator/worker/worker.go:33.32,34.6 1 1
github.com/UFFeScience/akoflow/internal/execution/orchestrator/worker/worker.go:34.6,37.12 2 1
github.com/UFFeScience/akoflow/internal/execution/orchestrator/worker/worker.go:37.12,38.9 1 1
github.com/UFFeScience/akoflow/internal/execution/orchestrator/worker/worker.go:41.3,41.49 1 1
github.com/UFFeScience/akoflow/internal/execution/orchestrator/worker/worker.go:41.49,42.9 1 1
github.com/UFFeScience/akoflow/internal/execution/orchestrator/worker/worker.go:45.3,45.49 1 1
github.com/UFFeScience/akoflow/internal/execution/orchestrator/worker/worker.go:45.49,47.12 2 1
github.com/UFFeScience/akoflow/internal/execution/orchestrator/worker/worker.go:50.3,50.69 1 1
github.com/UFFeScience/akoflow/internal/execution/real/runtimes/docker/docker_runtime.go:11.27,13.2 1 1
github.com/UFFeScience/akoflow/internal/execution/real/runtimes/docker/docker_runtime.go:15.49,17.2 1 1
github.com/UFFeScience/akoflow/internal/execution/real/runtimes/docker/docker_runtime.go:19.48,21.2 1 1
github.com/UFFeScience/akoflow/internal/execution/real/runtimes/docker/docker_runtime.go:23.71,25.2 1 1
github.com/UFFeScience/akoflow/internal/execution/real/runtimes/docker/docker_runtime.go:27.72,29.2 1 1
github.com/UFFeScience/akoflow/internal/execution/real/runtimes/docker/docker_runtime.go:31.75,33.2 1 1
github.com/UFFeScience/akoflow/internal/execution/real/runtimes/docker/docker_runtime.go:35.137,37.2 1 1
github.com/UFFeScience/akoflow/internal/execution/real/runtimes/docker/docker_runtime.go:39.74,41.2 1 1
github.com/UFFeScience/akoflow/internal/execution/real/runtimes/docker/docker_runtime.go:43.93,45.2 1 1
github.com/UFFeScience/akoflow/internal/execution/real/runtimes/docker/docker_runtime.go:47.44,49.2 1 1
github.com/UFFeScience/akoflow/internal/execution/real/runtimes/docker/docker_runtime.go:51.40,53.2 1 1
github.com/UFFeScience/akoflow/internal/execution/simulation/simulation_executor.go:16.50,18.2 1 1
github.com/UFFeScience/akoflow/internal/execution/simulation/simulation_executor.go:20.107,21.56 1 1
github.com/UFFeScience/akoflow/internal/execution/simulation/simulation_executor.go:21.56,23.3 1 0
github.com/UFFeScience/akoflow/internal/execution/simulation/simulation_executor.go:24.2,24.96 1 1
github.com/UFFeScience/akoflow/internal/execution/simulation/simulation_executor.go:24.96,26.3 1 1
github.com/UFFeScience/akoflow/internal/execution/simulation/simulation_executor.go:27.2,27.9 1 1
github.com/UFFeScience/akoflow/internal/execution/simulation/simulation_executor.go:28.20,29.44 1 0
github.com/UFFeScience/akoflow/internal/execution/simulation/simulation_executor.go:30.10,30.10 0 1
github.com/UFFeScience/akoflow/internal/execution/simulation/simulation_executor.go:33.2,34.45 2 1
github.com/UFFeScience/akoflow/internal/execution/simulation/simulation_executor.go:34.45,36.3 1 1
github.com/UFFeScience/akoflow/internal/execution/simulation/simulation_executor.go:37.2,38.54 2 1
github.com/UFFeScience/akoflow/internal/execution/simulation/simulation_executor.go:38.54,40.3 1 1
github.com/UFFeScience/akoflow/internal/execution/simulation/simulation_executor.go:41.2,42.51 2 1
github.com/UFFeScience/akoflow/internal/execution/simulation/simulation_executor.go:42.51,44.3 1 1
github.com/UFFeScience/akoflow/internal/execution/simulation/simulation_executor.go:45.2,46.55 2 1
github.com/UFFeScience/akoflow/internal/execution/simulation/simulation_executor.go:46.55,48.3 1 1
github.com/UFFeScience/akoflow/internal/execution/simulation/simulation_executor.go:49.2,50.59 2 1
github.com/UFFeScience/akoflow/internal/execution/simulation/simulation_executor.go:50.59,52.3 1 1
github.com/UFFeScience/akoflow/internal/execution/simulation/simulation_executor.go:53.2,54.63 2 1
github.com/UFFeScience/akoflow/internal/execution/simulation/simulation_executor.go:54.63,57.3 2 1
github.com/UFFeScience/akoflow/internal/execution/simulation/simulation_executor.go:60.2,62.54 3 1
github.com/UFFeScience/akoflow/internal/execution/simulation/simulation_executor.go:62.54,65.3 2 1
github.com/UFFeScience/akoflow/internal/execution/simulation/simulation_executor.go:66.2,66.30 1 1
github.com/UFFeScience/akoflow/internal/execution/simulation/simulation_executor.go:66.30,67.40 1 1
github.com/UFFeScience/akoflow/internal/execution/simulation/simulation_executor.go:67.40,67.100 1 0
github.com/UFFeScience/akoflow/internal/execution/simulation/simulation_executor.go:68.3,68.34 1 1
github.com/UFFeScience/akoflow/internal/execution/simulation/simulation_executor.go:68.34,70.4 1 0
github.com/UFFeScience/akoflow/internal/execution/simulation/simulation_executor.go:73.2,76.20 4 1
github.com/UFFeScience/akoflow/internal/execution/simulation/simulation_executor.go:76.20,78.56 2 1
github.com/UFFeScience/akoflow/internal/execution/simulation/simulation_executor.go:78.56,79.47 1 1
github.com/UFFeScience/akoflow/internal/execution/simulation/simulation_executor.go:79.47,80.13 1 0
github.com/UFFeScience/akoflow/internal/execution/simulation/simulation_executor.go:82.4,82.59 1 1
github.com/UFFeScience/akoflow/internal/execution/simulation/simulation_executor.go:82.59,83.13 1 0
github.com/UFFeScience/akoflow/internal/execution/simulation/simulation_executor.go:85.4,86.22 2 1
github.com/UFFeScience/akoflow/internal/execution/simulation/simulation_executor.go:86.22,87.46 1 0
github.com/UFFeScience/akoflow/internal/execution/simulation/simulation_executor.go:87.46,88.14 1 0
github.com/UFFeScience/akoflow/internal/execution/simulation/simulation_executor.go:92.4,96.60 5 1
github.com/UFFeScience/akoflow/internal/execution/simulation/simulation_executor.go:96.60,100.77 4 1
github.com/UFFeScience/akoflow/internal/execution/simulation/simulation_executor.go:100.77,102.13 2 1
github.com/UFFeScience/akoflow/internal/execution/simulation/simulation_executor.go:102.13,104.7 1 0
github.com/UFFeScience/akoflow/internal/execution/simulation/simulation_executor.go:105.6,116.31 5 1
github.com/UFFeScience/akoflow/internal/execution/simulation/simulation_executor.go:118.5,118.30 1 1
github.com/UFFeScience/akoflow/internal/execution/simulation/simulation_executor.go:118.30,120.6 1 1
github.com/UFFeScience/akoflow/internal/execution/simulation/simulation_executor.go:122.4,123.22 2 1
github.com/UFFeScience/akoflow/internal/execution/simulation/simulation_executor.go:123.22,125.5 1 0
github.com/UFFeScience/akoflow/internal/execution/simulation/simulation_executor.go:126.4,142.19 8 1
github.com/UFFeScience/akoflow/internal/execution/simulation/simulation_executor.go:144.3,144.16 1 1
github.com/UFFeScience/akoflow/internal/execution/simulation/simulation_executor.go:144.16,146.4 1 0
github.com/UFFeScience/akoflow/internal/execution/simulation/simulation_executor.go:149.2,151.55 3 1
github.com/UFFeScience/akoflow/internal/execution/simulation/simulation_executor.go:151.55,160.3 8 1
github.com/UFFeScience/akoflow/internal/execution/simulation/simulation_executor.go:161.2,161.37 1 1
github.com/UFFeScience/akoflow/internal/execution/simulation/simulation_executor.go:161.37,163.3 1 1
github.com/UFFeScience/akoflow/internal/execution/simulation/simulation_executor.go:164.2,164.96 1 1
github.com/UFFeScience/akoflow/internal/execution/simulation/simulation_executor.go:164.96,166.3 1 0
github.com/UFFeScience/akoflow/internal/execution/simulation/simulation_executor.go:167.2,167.67 1 1
github.com/UFFeScience/akoflow/internal/execution/simulation/simulation_executor.go:167.67,169.3 1 0
github.com/UFFeScience/akoflow/internal/execution/simulation/simulation_executor.go:170.2,173.8 1 1
github.com/UFFeScience/akoflow/internal/execution/simulation/simulation_executor.go:176.81,177.25 1 1
github.com/UFFeScience/akoflow/internal/execution/simulation/simulation_executor.go:177.25,178.34 1 1
github.com/UFFeScience/akoflow/internal/execution/simulation/simulation_executor.go:178.34,180.4 1 0
github.com/UFFeScience/akoflow/internal/execution/simulation/simulation_executor.go:182.2,182.13 1 1
github.com/UFFeScience/akoflow/internal/execution/simulation/simulation_executor.go:185.133,186.77 1 1
github.com/UFFeScience/akoflow/internal/execution/simulation/simulation_executor.go:186.77,188.3 1 1
github.com/UFFeScience/akoflow/internal/execution/simulation/simulation_executor.go:189.2,189.108 1 0
github.com/UFFeScience/akoflow/internal/execution/simulation/simulation_executor.go:189.108,191.3 1 0
github.com/UFFeScience/akoflow/internal/execution/simulation/simulation_executor.go:192.2,192.10 1 0
github.com/UFFeScience/akoflow/internal/execution/simulation/simulation_executor.go:195.74,197.9 2 0
github.com/UFFeScience/akoflow/internal/execution/simulation/simulation_executor.go:197.9,199.3 1 0
github.com/UFFeScience/akoflow/internal/execution/simulation/simulation_executor.go:200.2,200.32 1 0
github.com/UFFeScience/akoflow/internal/execution/simulation/simulation_executor.go:201.15,202.22 1 0
github.com/UFFeScience/akoflow/internal/execution/simulation/simulation_executor.go:203.15,204.31 1 0
github.com/UFFeScience/akoflow/internal/execution/simulation/simulation_executor.go:205.11,206.31 1 0
github.com/UFFeScience/akoflow/internal/execution/simulation/simulation_executor.go:207.13,208.31 1 0
github.com/UFFeScience/akoflow/internal/execution/simulation/simulation_executor.go:209.10,210.18 1 0
github.com/UFFeScience/akoflow/internal/execution/simulation/simulation_executor.go:214.96,215.29 1 1
github.com/UFFeScience/akoflow/internal/execution/simulation/simulation_executor.go:215.29,216.73 1 1
github.com/UFFeScience/akoflow/internal/execution/simulation/simulation_executor.go:216.73,218.4 1 1
github.com/UFFeScience/akoflow/internal/execution/simulation/simulation_executor.go:219.3,219.95 1 0
github.com/UFFeScience/akoflow/internal/execution/simulation/simulation_executor.go:219.95,221.4 1 0
github.com/UFFeScience/akoflow/internal/execution/simulation/simulation_executor.go:223.2,223.36 1 0
github.com/UFFeScience/akoflow/internal/execution/simulation/simulation_executor.go:226.32,227.11 1 1
github.com/UFFeScience/akoflow/internal/execution/simulation/simulation_executor.go:227.11,229.3 1 1
github.com/UFFeScience/akoflow/internal/execution/simulation/simulation_executor.go:230.2,230.10 1 1
github.com/UFFeScience/akoflow/internal/infrastructure/config/http_config/kernel.go:5.33,9.2 1 1
github.com/UFFeScience/akoflow/internal/infrastructure/config/http_config/kernel.go:15.123,17.2 1 1
github.com/UFFeScience/akoflow/internal/infrastructure/config/http_config/middleware.go:11.44,12.39 1 1
github.com/UFFeScience/akoflow/internal/infrastructure/config/http_config/middleware.go:12.39,15.3 2 1
github.com/UFFeScience/akoflow/internal/infrastructure/config/http_config/middleware.go:16.2,16.28 1 1
github.com/UFFeScience/akoflow/internal/infrastructure/config/http_config/middleware.go:19.102,21.38 2 1
github.com/UFFeScience/akoflow/internal/infrastructure/config/http_config/middleware.go:21.38,23.3 1 1
github.com/UFFeScience/akoflow/internal/infrastructure/config/http_config/middleware.go:25.2,25.45 1 1
github.com/UFFeScience/akoflow/internal/infrastructure/config/http_config/middleware.go:25.45,27.3 1 1
github.com/UFFeScience/akoflow/internal/infrastructure/config/http_config/middleware.go:28.2,28.23 1 1
github.com/UFFeScience/akoflow/internal/infrastructure/config/http_config/middleware_default.go:8.37,10.60 1 1
github.com/UFFeScience/akoflow/internal/infrastructure/config/http_config/middleware_default.go:10.60,11.56 1 1
github.com/UFFeScience/akoflow/internal/infrastructure/config/http_config/middleware_default.go:11.56,14.5 2 1
github.com/UFFeScience/akoflow/internal/infrastructure/config/http_config/middleware_hello.go:8.35,10.60 1 1
github.com/UFFeScience/akoflow/internal/infrastructure/config/http_config/middleware_hello.go:10.60,11.56 1 1
github.com/UFFeScience/akoflow/internal/infrastructure/config/http_config/middleware_hello.go:11.56,14.5 2 1
github.com/UFFeScience/akoflow/internal/execution/real/runtimes/local/local_runtime.go:15.73,18.2 2 1
github.com/UFFeScience/akoflow/internal/execution/real/runtimes/local/local_runtime.go:20.66,23.2 2 1
github.com/UFFeScience/akoflow/internal/execution/real/runtimes/local/local_runtime.go:25.48,27.2 1 1
github.com/UFFeScience/akoflow/internal/execution/real/runtimes/local/local_runtime.go:29.47,31.2 1 1
github.com/UFFeScience/akoflow/internal/execution/real/runtimes/local/local_runtime.go:33.70,38.2 2 0
github.com/UFFeScience/akoflow/internal/execution/real/runtimes/local/local_runtime.go:40.71,42.2 1 1
github.com/UFFeScience/akoflow/internal/execution/real/runtimes/local/local_runtime.go:44.74,46.2 1 1
github.com/UFFeScience/akoflow/internal/execution/real/runtimes/local/local_runtime.go:48.136,50.2 1 1
github.com/UFFeScience/akoflow/internal/execution/real/runtimes/local/local_runtime.go:52.73,54.2 1 1
github.com/UFFeScience/akoflow/internal/execution/real/runtimes/local/local_runtime.go:56.92,62.2 2 0
github.com/UFFeScience/akoflow/internal/execution/real/runtimes/local/local_runtime.go:64.43,66.2 1 1
github.com/UFFeScience/akoflow/internal/execution/real/runtimes/local/local_runtime.go:68.38,72.2 1 1
github.com/UFFeScience/akoflow/internal/infrastructure/config/http_helper/http_helper.go:15.57,22.16 3 1
github.com/UFFeScience/akoflow/internal/infrastructure/config/http_helper/http_helper.go:22.16,25.3 2 1
github.com/UFFeScience/akoflow/internal/infrastructure/config/http_helper/http_helper.go:27.2,27.19 1 1
github.com/UFFeScience/akoflow/internal/infrastructure/config/http_helper/http_helper.go:30.58,32.19 2 1
github.com/UFFeScience/akoflow/internal/infrastructure/config/http_helper/http_helper.go:32.19,34.3 1 1
github.com/UFFeScience/akoflow/internal/infrastructure/config/http_helper/http_helper.go:36.2,41.40 4 1
github.com/UFFeScience/akoflow/internal/infrastructure/config/http_helper/http_helper.go:41.40,43.3 1 0
github.com/UFFeScience/akoflow/internal/infrastructure/config/http_helper/http_helper.go:45.2,45.36 1 1
github.com/UFFeScience/akoflow/internal/infrastructure/config/http_helper/http_helper.go:45.36,46.67 1 1
github.com/UFFeScience/akoflow/internal/infrastructure/config/http_helper/http_helper.go:46.67,48.24 2 1
github.com/UFFeScience/akoflow/internal/infrastructure/config/http_helper/http_helper.go:48.24,50.5 1 1
github.com/UFFeScience/akoflow/internal/infrastructure/config/http_helper/http_helper.go:54.2,54.11 1 1
github.com/UFFeScience/akoflow/internal/infrastructure/config/http_helper/http_helper.go:57.52,60.29 3 1
github.com/UFFeScience/akoflow/internal/infrastructure/config/http_helper/http_helper.go:60.29,62.3 1 0
github.com/UFFeScience/akoflow/internal/infrastructure/config/http_helper/http_helper.go:64.2,67.27 3 1
github.com/UFFeScience/akoflow/internal/infrastructure/config/http_helper/http_helper.go:67.27,69.3 1 1
github.com/UFFeScience/akoflow/internal/infrastructure/config/http_helper/http_helper.go:71.2,71.19 1 1
github.com/UFFeScience/akoflow/internal/infrastructure/config/http_helper/http_helper.go:74.56,75.19 1 1
github.com/UFFeScience/akoflow/internal/infrastructure/config/http_helper/http_helper.go:75.19,77.3 1 1
github.com/UFFeScience/akoflow/internal/infrastructure/config/http_helper/http_helper.go:79.2,83.16 4 1
github.com/UFFeScience/akoflow/internal/infrastructure/config/http_helper/http_helper.go:83.16,85.3 1 1
github.com/UFFeScience/akoflow/internal/infrastructure/config/http_helper/http_helper.go:87.2,87.12 1 1
github.com/UFFeScience/akoflow/internal/execution/real/runtimes/runtime.go:40.46,43.39 1 1
github.com/UFFeScience/akoflow/internal/execution/real/runtimes/runtime.go:43.39,45.3 1 1
github.com/UFFeScience/akoflow/internal/execution/real/runtimes/runtime.go:47.2,47.39 1 1
github.com/UFFeScience/akoflow/internal/execution/real/runtimes/runtime.go:47.39,49.3 1 1
github.com/UFFeScience/akoflow/internal/execution/real/runtimes/runtime.go:51.2,51.16 1 1
github.com/UFFeScience/akoflow/internal/execution/real/runtimes/runtime.go:55.54,76.29 3 1
github.com/UFFeScience/akoflow/internal/execution/real/runtimes/runtime.go:76.29,78.3 1 1
github.com/UFFeScience/akoflow/internal/execution/real/runtimes/runtime.go:79.2,79.25 1 1
github.com/UFFeScience/akoflow/internal/execution/real/runtimes/local/local_runtime_service/local_runtime_service.go:31.80,34.2 2 1
github.com/UFFeScience/akoflow/internal/execution/real/runtimes/local/local_runtime_service/local_runtime_service.go:36.87,39.2 2 1
github.com/UFFeScience/akoflow/internal/execution/real/runtimes/local/local_runtime_service/local_runtime_service.go:41.51,50.2 1 1
github.com/UFFeScience/akoflow/internal/execution/real/runtimes/local/local_runtime_service/local_runtime_service.go:52.72,56.16 3 1
github.com/UFFeScience/akoflow/internal/execution/real/runtimes/local/local_runtime_service/local_runtime_service.go:56.16,59.3 2 1
github.com/UFFeScience/akoflow/internal/execution/real/runtimes/local/local_runtime_service/local_runtime_service.go:61.2,69.16 5 1
github.com/UFFeScience/akoflow/internal/execution/real/runtimes/local/local_runtime_service/local_runtime_service.go:69.16,72.3 2 1
github.com/UFFeScience/akoflow/internal/execution/real/runtimes/local/local_runtime_service/local_runtime_service.go:74.2,77.16 3 1
github.com/UFFeScience/akoflow/internal/execution/real/runtimes/local/local_runtime_service/local_runtime_service.go:77.16,80.3 2 1
github.com/UFFeScience/akoflow/internal/execution/real/runtimes/local/local_runtime_service/local_runtime_service.go:82.2,82.80 1 1
github.com/UFFeScience/akoflow/internal/execution/real/runtimes/local/local_runtime_service/local_runtime_service.go:86.94,87.52 1 1
github.com/UFFeScience/akoflow/internal/execution/real/runtimes/local/local_runtime_service/local_runtime_service.go:87.52,88.59 1 1
github.com/UFFeScience/akoflow/internal/execution/real/runtimes/local/local_runtime_service/local_runtime_service.go:88.59,89.12 1 0
github.com/UFFeScience/akoflow/internal/execution/real/runtimes/local/local_runtime_service/local_runtime_service.go:91.3,91.47 1 1
github.com/UFFeScience/akoflow/internal/execution/real/runtimes/local/local_runtime_service/local_runtime_service.go:91.47,92.12 1 0
github.com/UFFeScience/akoflow/internal/execution/real/runtimes/local/local_runtime_service/local_runtime_service.go:95.3,104.40 6 1
github.com/UFFeScience/akoflow/internal/execution/real/runtimes/local/local_runtime_service/local_runtime_service.go:104.40,107.4 2 1
github.com/UFFeScience/akoflow/internal/execution/real/runtimes/local/local_runtime_service/local_runtime_service.go:109.3,109.65 1 1
github.com/UFFeScience/akoflow/internal/execution/real/runtimes/local/local_runtime_service/local_runtime_service.go:114.167,116.2 1 1
github.com/UFFeScience/akoflow/internal/execution/real/runtimes/local/local_runtime_service/local_runtime_service.go:118.175,123.16 3 1
github.com/UFFeScience/akoflow/internal/execution/real/runtimes/local/local_runtime_service/local_runtime_service.go:123.16,126.3 2 0
github.com/UFFeScience/akoflow/internal/execution/real/runtimes/local/local_runtime_service/local_runtime_service.go:128.2,138.16 3 1
github.com/UFFeScience/akoflow/internal/execution/real/runtimes/local/local_runtime_service/local_runtime_service.go:138.16,141.3 2 1
github.com/UFFeScience/akoflow/internal/execution/real/runtimes/local/local_runtime_service/local_runtime_service.go:143.2,145.16 2 1
github.com/UFFeScience/akoflow/internal/execution/real/runtimes/local/local_runtime_service/local_runtime_service.go:145.16,148.3 2 0
github.com/UFFeScience/akoflow/internal/execution/real/runtimes/local/local_runtime_service/local_runtime_service.go:150.2,150.22 1 1
github.com/UFFeScience/akoflow/internal/execution/real/runtimes/local/local_runtime_service/local_runtime_service.go:150.22,153.3 1 1
github.com/UFFeScience/akoflow/internal/execution/real/runtimes/local/local_runtime_service/local_runtime_service.go:155.2,155.19 1 1
github.com/UFFeScience/akoflow/internal/execution/real/runtimes/local/local_runtime_service/local_runtime_service.go:155.19,157.3 1 1
github.com/UFFeScience/akoflow/internal/execution/real/runtimes/local/local_runtime_service/local_runtime_service.go:161.89,171.26 7 1
github.com/UFFeScience/akoflow/internal/execution/real/runtimes/local/local_runtime_service/local_runtime_service.go:171.26,173.3 1 1
github.com/UFFeScience/akoflow/internal/execution/real/runtimes/local/local_runtime_service/local_runtime_service.go:175.2,175.25 1 1
github.com/UFFeScience/akoflow/internal/execution/real/runtimes/local/local_runtime_service/local_runtime_service.go:175.25,177.3 1 1
github.com/UFFeScience/akoflow/internal/execution/real/runtimes/local/local_runtime_service/local_runtime_service.go:179.2,179.33 1 1
github.com/UFFeScience/akoflow/internal/execution/real/runtimes/local/local_runtime_service/local_runtime_service.go:182.75,184.2 1 1
github.com/UFFeScience/akoflow/internal/execution/real/runtimes/local/local_runtime_service/local_runtime_service.go:186.86,191.23 4 1
github.com/UFFeScience/akoflow/internal/execution/real/runtimes/local/local_runtime_service/local_runtime_service.go:191.23,193.3 1 1
github.com/UFFeScience/akoflow/internal/execution/real/runtimes/local/local_runtime_service/local_runtime_service.go:195.2,198.32 3 1
github.com/UFFeScience/akoflow/internal/execution/real/runtimes/local/local_runtime_service/local_runtime_service.go:201.134,212.21 6 1
github.com/UFFeScience/akoflow/internal/execution/real/runtimes/local/local_runtime_service/local_runtime_service.go:212.21,214.3 1 0
github.com/UFFeScience/akoflow/internal/execution/real/runtimes/local/local_runtime_service/local_runtime_service.go:216.2,230.21 4 1
github.com/UFFeScience/akoflow/internal/infrastructure/config/logger/logger.go:14.29,18.2 1 0
github.com/UFFeScience/akoflow/internal/infrastructure/config/logger/logger.go:20.50,23.16 2 1
github.com/UFFeScience/akoflow/internal/infrastructure/config/logger/logger.go:23.16,25.3 1 0
github.com/UFFeScience/akoflow/internal/infrastructure/config/logger/logger.go:27.2,33.8 3 1
github.com/UFFeScience/akoflow/internal/infrastructure/config/logger/logger.go:37.41,40.2 2 1
github.com/UFFeScience/akoflow/internal/infrastructure/config/logger/logger.go:42.57,45.2 2 1
github.com/UFFeScience/akoflow/internal/infrastructure/config/logger/logger.go:47.44,50.2 2 1
github.com/UFFeScience/akoflow/internal/infrastructure/config/logger/logger.go:52.42,55.2 2 1
github.com/UFFeScience/akoflow/internal/infrastructure/config/logger/logger.go:57.32,59.2 1 1
github.com/UFFeScience/akoflow/internal/execution/real/runtimes/singularity/singularity_runtime.go:15.50,19.2 1 1
github.com/UFFeScience/akoflow/internal/execution/real/runtimes/singularity/singularity_runtime.go:21.54,23.2 1 1
github.com/UFFeScience/akoflow/internal/execution/real/runtimes/singularity/singularity_runtime.go:25.53,27.2 1 1
github.com/UFFeScience/akoflow/internal/execution/real/runtimes/singularity/singularity_runtime.go:29.76,32.2 2 0
github.com/UFFeScience/akoflow/internal/execution/real/runtimes/singularity/singularity_runtime.go:34.77,36.2 1 1
github.com/UFFeScience/akoflow/internal/execution/real/runtimes/singularity/singularity_runtime.go:38.80,40.2 1 1
github.com/UFFeScience/akoflow/internal/execution/real/runtimes/singularity/singularity_runtime.go:42.142,45.2 2 1
github.com/UFFeScience/akoflow/internal/execution/real/runtimes/singularity/singularity_runtime.go:47.79,49.2 1 1
github.com/UFFeScience/akoflow/internal/execution/real/runtimes/singularity/singularity_runtime.go:51.98,54.2 2 0
github.com/UFFeScience/akoflow/internal/execution/real/runtimes/singularity/singularity_runtime.go:56.49,58.2 1 1
github.com/UFFeScience/akoflow/internal/infrastructure/config/app_container.go:66.69,72.33 4 1
github.com/UFFeScience/akoflow/internal/infrastructure/config/app_container.go:72.33,74.45 2 1
github.com/UFFeScience/akoflow/internal/infrastructure/config/app_container.go:74.45,79.63 3 1
github.com/UFFeScience/akoflow/internal/infrastructure/config/app_container.go:79.63,86.40 5 1
github.com/UFFeScience/akoflow/internal/infrastructure/config/app_container.go:86.40,89.6 2 1
github.com/UFFeScience/akoflow/internal/infrastructure/config/app_container.go:89.11,91.6 1 0
github.com/UFFeScience/akoflow/internal/infrastructure/config/app_container.go:96.2,96.33 1 1
github.com/UFFeScience/akoflow/internal/infrastructure/config/app_container.go:99.38,151.2 16 1
github.com/UFFeScience/akoflow/internal/infrastructure/config/app_container.go:156.25,157.41 1 1
github.com/UFFeScience/akoflow/internal/infrastructure/config/app_container.go:157.41,159.3 1 0
github.com/UFFeScience/akoflow/internal/infrastructure/config/app_container.go:161.2,161.21 1 1
github.com/UFFeScience/akoflow/internal/infrastructure/config/app_container.go:164.46,166.2 1 1
github.com/UFFeScience/akoflow/internal/infrastructure/config/config.go:13.26,16.22 2 1
github.com/UFFeScience/akoflow/internal/infrastructure/config/config.go:16.22,18.3 1 1
github.com/UFFeScience/akoflow/internal/infrastructure/config/config.go:19.2,19.18 1 1
github.com/UFFeScience/akoflow/internal/infrastructure/config/config.go:23.17,34.40 6 1
github.com/UFFeScience/akoflow/internal/infrastructure/config/config.go:34.40,35.17 1 0
github.com/UFFeScience/akoflow/internal/infrastructure/config/config.go:35.17,37.14 2 0
github.com/UFFeScience/akoflow/internal/infrastructure/config/config.go:38.9,40.4 1 0
github.com/UFFeScience/akoflow/internal/infrastructure/config/config.go:41.8,43.3 1 1
github.com/UFFeScience/akoflow/internal/infrastructure/config/config.go:45.2,45.25 1 1
github.com/UFFeScience/akoflow/internal/infrastructure/config/config.go:45.25,47.3 1 1
github.com/UFFeScience/akoflow/internal/infrastructure/config/config.go:48.2,48.21 1 1
github.com/UFFeScience/akoflow/internal/infrastructure/config/config.go:48.21,50.3 1 1
github.com/UFFeScience/akoflow/internal/infrastructure/config/config.go:54.19,58.16 3 1
github.com/UFFeScience/akoflow/internal/infrastructure/config/config.go:58.16,60.3 1 1
github.com/UFFeScience/akoflow/internal/infrastructure/config/config.go:61.2,65.35 3 0
github.com/UFFeScience/akoflow/internal/infrastructure/config/config.go:65.35,66.17 1 0
github.com/UFFeScience/akoflow/internal/infrastructure/config/config.go:66.17,71.21 4 0
github.com/UFFeScience/akoflow/internal/infrastructure/config/config.go:71.21,73.5 1 0
github.com/UFFeScience/akoflow/internal/infrastructure/config/config.go:73.10,73.27 1 0
github.com/UFFeScience/akoflow/internal/infrastructure/config/config.go:73.27,75.5 1 0
github.com/UFFeScience/akoflow/internal/infrastructure/config/config.go:76.4,77.25 2 0
github.com/UFFeScience/akoflow/internal/execution/real/runtimes/singularity/singularity_runtime_service/akf_monitor_singularity.go:20.56,22.16 2 1
github.com/UFFeScience/akoflow/internal/execution/real/runtimes/singularity/singularity_runtime_service/akf_monitor_singularity.go:22.16,23.13 1 0
github.com/UFFeScience/akoflow/internal/execution/real/runtimes/singularity/singularity_runtime_service/akf_monitor_singularity.go:25.2,27.3 1 1
github.com/UFFeScience/akoflow/internal/execution/real/runtimes/singularity/singularity_runtime_service/akf_monitor_singularity.go:30.64,32.16 2 1
github.com/UFFeScience/akoflow/internal/execution/real/runtimes/singularity/singularity_runtime_service/akf_monitor_singularity.go:32.16,34.3 1 1
github.com/UFFeScience/akoflow/internal/execution/real/runtimes/singularity/singularity_runtime_service/akf_monitor_singularity.go:35.2,39.21 4 1
github.com/UFFeScience/akoflow/internal/execution/real/runtimes/singularity/singularity_runtime_service/akf_monitor_singularity.go:39.21,41.3 1 1
github.com/UFFeScience/akoflow/internal/execution/real/runtimes/singularity/singularity_runtime_service/akf_monitor_singularity.go:43.2,43.38 1 1
github.com/UFFeScience/akoflow/internal/execution/real/runtimes/singularity/singularity_runtime_service/akf_monitor_singularity.go:43.38,45.3 1 0
github.com/UFFeScience/akoflow/internal/execution/real/runtimes/singularity/singularity_runtime_service/akf_monitor_singularity.go:47.2,47.19 1 1
github.com/UFFeScience/akoflow/internal/execution/real/runtimes/singularity/singularity_runtime_service/akf_monitor_singularity.go:50.70,52.16 2 1
github.com/UFFeScience/akoflow/internal/execution/real/runtimes/singularity/singularity_runtime_service/akf_monitor_singularity.go:52.16,54.3 1 1
github.com/UFFeScience/akoflow/internal/execution/real/runtimes/singularity/singularity_runtime_service/akf_monitor_singularity.go:55.2,55.39 1 1
github.com/UFFeScience/akoflow/internal/execution/real/runtimes/singularity/singularity_runtime_service/akf_monitor_singularity.go:58.105,61.2 2 1
github.com/UFFeScience/akoflow/internal/execution/real/runtimes/singularity/singularity_runtime_service/akf_monitor_singularity.go:63.140,66.2 2 1
github.com/UFFeScience/akoflow/internal/execution/real/runtimes/singularity/singularity_runtime_service/akf_monitor_singularity.go:68.74,70.2 1 1
github.com/UFFeScience/akoflow/internal/execution/real/runtimes/singularity/singularity_runtime_service/akf_monitor_singularity.go:72.101,74.2 1 1
github.com/UFFeScience/akoflow/internal/execution/real/runtimes/singularity/singularity_runtime_service/akf_monitor_singularity.go:76.63,79.16 2 1
github.com/UFFeScience/akoflow/internal/execution/real/runtimes/singularity/singularity_runtime_service/akf_monitor_singularity.go:79.16,81.3 1 1
github.com/UFFeScience/akoflow/internal/execution/real/runtimes/singularity/singularity_runtime_service/akf_monitor_singularity.go:83.2,83.49 1 1
github.com/UFFeScience/akoflow/internal/execution/real/runtimes/singularity/singularity_runtime_service/akf_monitor_singularity.go:83.49,86.3 1 1
github.com/UFFeScience/akoflow/internal/execution/real/runtimes/singularity/singularity_runtime_service/akf_monitor_singularity.go:88.2,93.16 5 1
github.com/UFFeScience/akoflow/internal/execution/real/runtimes/singularity/singularity_runtime_service/akf_monitor_singularity.go:93.16,95.3 1 0
github.com/UFFeScience/akoflow/internal/execution/real/runtimes/singularity/singularity_runtime_service/akf_monitor_singularity.go:96.2,96.20 1 1
github.com/UFFeScience/akoflow/internal/execution/real/runtimes/singularity/singularity_runtime_service/make_singularity_activity_service.go:15.73,17.2 1 1
github.com/UFFeScience/akoflow/internal/execution/real/runtimes/singularity/singularity_runtime_service/make_singularity_activity_service.go:19.145,21.2 1 1
github.com/UFFeScience/akoflow/internal/execution/real/runtimes/singularity/singularity_runtime_service/make_singularity_activity_service.go:23.156,58.2 12 1
github.com/UFFeScience/akoflow/internal/execution/real/runtimes/singularity/singularity_runtime_service/make_singularity_activity_service.go:60.161,75.2 7 1
github.com/UFFeScience/akoflow/internal/execution/real/runtimes/singularity/singularity_runtime_service/singularity_runtime_service.go:29.63,39.2 1 0
github.com/UFFeScience/akoflow/internal/execution/real/runtimes/singularity/singularity_runtime_service/singularity_runtime_service.go:41.78,45.16 3 1
github.com/UFFeScience/akoflow/internal/execution/real/runtimes/singularity/singularity_runtime_service/singularity_runtime_service.go:45.16,48.3 2 1
github.com/UFFeScience/akoflow/internal/execution/real/runtimes/singularity/singularity_runtime_service/singularity_runtime_service.go:50.2,58.16 5 1
github.com/UFFeScience/akoflow/internal/execution/real/runtimes/singularity/singularity_runtime_service/singularity_runtime_service.go:58.16,61.3 2 1
github.com/UFFeScience/akoflow/internal/execution/real/runtimes/singularity/singularity_runtime_service/singularity_runtime_service.go:63.2,66.16 3 1
github.com/UFFeScience/akoflow/internal/execution/real/runtimes/singularity/singularity_runtime_service/singularity_runtime_service.go:66.16,69.3 2 1
github.com/UFFeScience/akoflow/internal/execution/real/runtimes/singularity/singularity_runtime_service/singularity_runtime_service.go:71.2,71.92 1 1
github.com/UFFeScience/akoflow/internal/execution/real/runtimes/singularity/singularity_runtime_service/singularity_runtime_service.go:75.100,76.52 1 0
github.com/UFFeScience/akoflow/internal/execution/real/runtimes/singularity/singularity_runtime_service/singularity_runtime_service.go:76.52,77.59 1 0
github.com/UFFeScience/akoflow/internal/execution/real/runtimes/singularity/singularity_runtime_service/singularity_runtime_service.go:77.59,78.12 1 0
github.com/UFFeScience/akoflow/internal/execution/real/runtimes/singularity/singularity_runtime_service/singularity_runtime_service.go:81.3,88.17 3 0
github.com/UFFeScience/akoflow/internal/execution/real/runtimes/singularity/singularity_runtime_service/singularity_runtime_service.go:88.17,91.4 2 0
github.com/UFFeScience/akoflow/internal/execution/real/runtimes/singularity/singularity_runtime_service/singularity_runtime_service.go:93.3,98.40 4 0
github.com/UFFeScience/akoflow/internal/execution/real/runtimes/singularity/singularity_runtime_service/singularity_runtime_service.go:98.40,101.4 2 0
github.com/UFFeScience/akoflow/internal/execution/real/runtimes/singularity/singularity_runtime_service/singularity_runtime_service.go:103.3,103.65 1 0
github.com/UFFeScience/akoflow/internal/execution/real/runtimes/singularity/singularity_runtime_service/singularity_runtime_service.go:108.173,110.2 1 1
github.com/UFFeScience/akoflow/internal/execution/real/runtimes/singularity/singularity_runtime_service/singularity_runtime_service.go:112.181,117.16 3 1
github.com/UFFeScience/akoflow/internal/execution/real/runtimes/singularity/singularity_runtime_service/singularity_runtime_service.go:117.16,120.3 2 1
github.com/UFFeScience/akoflow/internal/execution/real/runtimes/singularity/singularity_runtime_service/singularity_runtime_service.go:122.2,132.16 3 1
github.com/UFFeScience/akoflow/internal/execution/real/runtimes/singularity/singularity_runtime_service/singularity_runtime_service.go:132.16,135.3 2 1
github.com/UFFeScience/akoflow/internal/execution/real/runtimes/singularity/singularity_runtime_service/singularity_runtime_service.go:137.2,139.16 2 1
github.com/UFFeScience/akoflow/internal/execution/real/runtimes/singularity/singularity_runtime_service/singularity_runtime_service.go:139.16,142.3 2 0
github.com/UFFeScience/akoflow/internal/execution/real/runtimes/singularity/singularity_runtime_service/singularity_runtime_service.go:144.2,144.22 1 1
github.com/UFFeScience/akoflow/internal/execution/real/runtimes/singularity/singularity_runtime_service/singularity_runtime_service.go:144.22,147.3 1 1
github.com/UFFeScience/akoflow/internal/execution/real/runtimes/singularity/singularity_runtime_service/singularity_runtime_service.go:149.2,149.19 1 1
github.com/UFFeScience/akoflow/internal/execution/real/runtimes/singularity/singularity_runtime_service/singularity_runtime_service.go:149.19,151.3 1 1
github.com/UFFeScience/akoflow/internal/execution/real/runtimes/singularity/singularity_runtime_service/singularity_runtime_service.go:155.95,165.26 7 1
github.com/UFFeScience/akoflow/internal/execution/real/runtimes/singularity/singularity_runtime_service/singularity_runtime_service.go:165.26,167.3 1 1
github.com/UFFeScience/akoflow/internal/execution/real/runtimes/singularity/singularity_runtime_service/singularity_runtime_service.go:169.2,169.25 1 1
github.com/UFFeScience/akoflow/internal/execution/real/runtimes/singularity/singularity_runtime_service/singularity_runtime_service.go:169.25,171.3 1 1
github.com/UFFeScience/akoflow/internal/execution/real/runtimes/singularity/singularity_runtime_service/singularity_runtime_service.go:173.2,173.33 1 1
github.com/UFFeScience/akoflow/internal/execution/real/runtimes/singularity/singularity_runtime_service/singularity_runtime_service.go:176.81,177.58 1 1
github.com/UFFeScience/akoflow/internal/execution/real/runtimes/singularity/singularity_runtime_service/singularity_runtime_service.go:177.58,180.3 2 1
github.com/UFFeScience/akoflow/internal/execution/real/runtimes/singularity/singularity_runtime_service/singularity_runtime_service.go:181.2,181.14 1 1
github.com/UFFeScience/akoflow/internal/execution/real/runtimes/singularity/singularity_runtime_service/singularity_runtime_service.go:184.92,189.23 4 1
github.com/UFFeScience/akoflow/internal/execution/real/runtimes/singularity/singularity_runtime_service/singularity_runtime_service.go:189.23,191.3 1 1
github.com/UFFeScience/akoflow/internal/execution/real/runtimes/singularity/singularity_runtime_service/singularity_runtime_service.go:193.2,196.32 3 1
github.com/UFFeScience/akoflow/internal/infrastructure/database/repository/repository.go:17.38,18.72 1 1
github.com/UFFeScience/akoflow/internal/infrastructure/database/repository/repository.go:18.72,21.17 3 1
github.com/UFFeScience/akoflow/internal/infrastructure/database/repository/repository.go:21.17,22.14 1 0
github.com/UFFeScience/akoflow/internal/infrastructure/database/repository/repository.go:24.3,24.12 1 1
github.com/UFFeScience/akoflow/internal/infrastructure/database/repository/repository.go:26.2,27.16 2 0
github.com/UFFeScience/akoflow/internal/infrastructure/database/repository/repository.go:27.16,28.13 1 0
github.com/UFFeScience/akoflow/internal/infrastructure/database/repository/repository.go:31.2,36.16 4 0
github.com/UFFeScience/akoflow/internal/infrastructure/database/repository/repository.go:36.16,37.13 1 0
github.com/UFFeScience/akoflow/internal/infrastructure/database/repository/repository.go:40.2,40.11 1 0
github.com/UFFeScience/akoflow/internal/infrastructure/database/repository/repository.go:43.46,44.49 1 1
github.com/UFFeScience/akoflow/internal/infrastructure/database/repository/repository.go:44.49,46.17 2 1
github.com/UFFeScience/akoflow/internal/infrastructure/database/repository/repository.go:46.17,48.4 1 0
github.com/UFFeScience/akoflow/internal/infrastructure/database/repository/environment_repository/environment_repository.go:26.24,29.41 3 1
github.com/UFFeScience/akoflow/internal/infrastructure/database/repository/environment_repository/environment_repository.go:29.41,30.13 1 0
github.com/UFFeScience/akoflow/internal/infrastructure/database/repository/environment_repository/environment_repository.go:32.2,32.22 1 1
github.com/UFFeScience/akoflow/internal/infrastructure/database/repository/environment_repository/environment_repository.go:35.58,39.16 4 1
github.com/UFFeScience/akoflow/internal/infrastructure/database/repository/environment_repository/environment_repository.go:39.16,41.3 1 0
github.com/UFFeScience/akoflow/internal/infrastructure/database/repository/environment_repository/environment_repository.go:42.2,45.93 3 1
github.com/UFFeScience/akoflow/internal/infrastructure/database/repository/environment_repository/environment_repository.go:45.93,47.3 1 1
github.com/UFFeScience/akoflow/internal/infrastructure/database/repository/environment_repository/environment_repository.go:48.2,55.36 2 1
github.com/UFFeScience/akoflow/internal/infrastructure/database/repository/environment_repository/environment_repository.go:55.36,57.3 1 0
github.com/UFFeScience/akoflow/internal/infrastructure/database/repository/environment_repository/environment_repository.go:58.2,58.46 1 1
github.com/UFFeScience/akoflow/internal/infrastructure/database/repository/environment_repository/environment_repository.go:58.46,63.39 2 1
github.com/UFFeScience/akoflow/internal/infrastructure/database/repository/environment_repository/environment_repository.go:63.39,65.4 1 0
github.com/UFFeScience/akoflow/internal/infrastructure/database/repository/environment_repository/environment_repository.go:67.2,67.48 1 1
github.com/UFFeScience/akoflow/internal/infrastructure/database/repository/environment_repository/environment_repository.go:67.48,81.56 2 1
github.com/UFFeScience/akoflow/internal/infrastructure/database/repository/environment_repository/environment_repository.go:81.56,83.4 1 0
github.com/UFFeScience/akoflow/internal/infrastructure/database/repository/environment_repository/environment_repository.go:85.2,85.40 1 1
github.com/UFFeScience/akoflow/internal/infrastructure/database/repository/environment_repository/environment_repository.go:85.40,94.83 2 1
github.com/UFFeScience/akoflow/internal/infrastructure/database/repository/environment_repository/environment_repository.go:94.83,96.4 1 0
github.com/UFFeScience/akoflow/internal/infrastructure/database/repository/environment_repository/environment_repository.go:98.2,98.46 1 1
github.com/UFFeScience/akoflow/internal/infrastructure/database/repository/environment_repository/environment_repository.go:98.46,110.56 2 1
github.com/UFFeScience/akoflow/internal/infrastructure/database/repository/environment_repository/environment_repository.go:110.56,112.4 1 0
github.com/UFFeScience/akoflow/internal/infrastructure/database/repository/environment_repository/environment_repository.go:114.2,114.20 1 1
github.com/UFFeScience/akoflow/internal/infrastructure/database/repository/schedule_repository/schedule_repository.go:24.32,28.40 4 1
github.com/UFFeScience/akoflow/internal/infrastructure/database/repository/schedule_repository/schedule_repository.go:28.40,30.3 1 0
github.com/UFFeScience/akoflow/internal/infrastructure/database/repository/schedule_repository/schedule_repository.go:32.2,34.3 1 1
github.com/UFFeScience/akoflow/internal/infrastructure/database/repository/schedule_repository/schedule_repository.go:37.91,43.16 5 1
github.com/UFFeScience/akoflow/internal/infrastructure/database/repository/schedule_repository/schedule_repository.go:43.16,45.3 1 0
github.com/UFFeScience/akoflow/internal/infrastructure/database/repository/schedule_repository/schedule_repository.go:46.2,49.18 3 1
github.com/UFFeScience/akoflow/internal/infrastructure/database/repository/schedule_repository/schedule_repository.go:49.18,54.17 4 1
github.com/UFFeScience/akoflow/internal/infrastructure/database/repository/schedule_repository/schedule_repository.go:54.17,56.4 1 0
github.com/UFFeScience/akoflow/internal/infrastructure/database/repository/schedule_repository/schedule_repository.go:59.3,59.22 1 1
github.com/UFFeScience/akoflow/internal/infrastructure/database/repository/schedule_repository/schedule_repository.go:59.22,61.4 1 0
github.com/UFFeScience/akoflow/internal/infrastructure/database/repository/schedule_repository/schedule_repository.go:61.9,63.4 1 1
github.com/UFFeScience/akoflow/internal/infrastructure/database/repository/schedule_repository/schedule_repository.go:65.3,73.5 1 1
github.com/UFFeScience/akoflow/internal/infrastructure/database/repository/schedule_repository/schedule_repository.go:76.2,76.23 1 1
github.com/UFFeScience/akoflow/internal/infrastructure/database/repository/schedule_repository/schedule_repository.go:79.147,86.16 6 1
github.com/UFFeScience/akoflow/internal/infrastructure/database/repository/schedule_repository/schedule_repository.go:86.16,88.3 1 0
github.com/UFFeScience/akoflow/internal/infrastructure/database/repository/schedule_repository/schedule_repository.go:90.2,91.16 2 1
github.com/UFFeScience/akoflow/internal/infrastructure/database/repository/schedule_repository/schedule_repository.go:91.16,93.3 1 0
github.com/UFFeScience/akoflow/internal/infrastructure/database/repository/schedule_repository/schedule_repository.go:95.2,101.8 1 1
github.com/UFFeScience/akoflow/internal/infrastructure/database/repository/schedule_repository/schedule_repository.go:104.101,115.16 9 1
github.com/UFFeScience/akoflow/internal/infrastructure/database/repository/schedule_repository/schedule_repository.go:115.16,117.3 1 1
github.com/UFFeScience/akoflow/internal/infrastructure/database/repository/schedule_repository/schedule_repository.go:118.2,118.21 1 1
github.com/UFFeScience/akoflow/internal/infrastructure/database/repository/schedule_repository/schedule_repository.go:118.21,120.3 1 1
github.com/UFFeScience/akoflow/internal/infrastructure/database/repository/schedule_repository/schedule_repository.go:122.2,122.22 1 1
github.com/UFFeScience/akoflow/internal/infrastructure/database/repository/logs_repository/logs_repository.go:18.33,23.40 4 1
github.com/UFFeScience/akoflow/internal/infrastructure/database/repository/logs_repository/logs_repository.go:23.40,25.3 1 0
github.com/UFFeScience/akoflow/internal/infrastructure/database/repository/logs_repository/logs_repository.go:27.2,29.3 1 1
github.com/UFFeScience/akoflow/internal/infrastructure/database/repository/logs_repository/logs_repository_create.go:8.62,17.16 4 1
github.com/UFFeScience/akoflow/internal/infrastructure/database/repository/logs_repository/logs_repository_create.go:17.16,19.3 1 0
github.com/UFFeScience/akoflow/internal/infrastructure/database/repository/logs_repository/logs_repository_create.go:21.2,23.16 2 1
github.com/UFFeScience/akoflow/internal/infrastructure/database/repository/logs_repository/logs_repository_create.go:23.16,25.3 1 0
github.com/UFFeScience/akoflow/internal/infrastructure/database/repository/logs_repository/logs_repository_create.go:27.2,27.12 1 1
github.com/UFFeScience/akoflow/internal/infrastructure/database/repository/execution_run_repository/execution_run_repository.go:18.24,21.41 3 1
github.com/UFFeScience/akoflow/internal/infrastructure/database/repository/execution_run_repository/execution_run_repository.go:21.41,22.13 1 0
github.com/UFFeScience/akoflow/internal/infrastructure/database/repository/execution_run_repository/execution_run_repository.go:24.2,24.22 1 1
github.com/UFFeScience/akoflow/internal/infrastructure/database/repository/execution_run_repository/execution_run_repository.go:27.60,35.2 4 1
github.com/UFFeScience/akoflow/internal/infrastructure/database/repository/execution_run_repository/execution_run_repository.go:37.66,41.16 4 1
github.com/UFFeScience/akoflow/internal/infrastructure/database/repository/execution_run_repository/execution_run_repository.go:41.16,43.3 1 0
github.com/UFFeScience/akoflow/internal/infrastructure/database/repository/execution_run_repository/execution_run_repository.go:44.2,45.35 2 1
github.com/UFFeScience/akoflow/internal/infrastructure/database/repository/execution_run_repository/execution_run_repository.go:45.35,59.34 2 1
github.com/UFFeScience/akoflow/internal/infrastructure/database/repository/execution_run_repository/execution_run_repository.go:59.34,61.4 1 1
github.com/UFFeScience/akoflow/internal/infrastructure/database/repository/execution_run_repository/execution_run_repository.go:63.2,63.43 1 1
github.com/UFFeScience/akoflow/internal/infrastructure/database/repository/execution_run_repository/execution_run_repository.go:63.43,72.31 1 1
github.com/UFFeScience/akoflow/internal/infrastructure/database/repository/execution_run_repository/execution_run_repository.go:72.31,74.4 1 0
github.com/UFFeScience/akoflow/internal/infrastructure/database/repository/execution_run_repository/execution_run_repository.go:76.2,79.16 2 1
github.com/UFFeScience/akoflow/internal/infrastructure/database/repository/execution_run_repository/execution_run_repository.go:79.16,81.3 1 0
github.com/UFFeScience/akoflow/internal/infrastructure/database/repository/execution_run_repository/execution_run_repository.go:82.2,82.20 1 1
github.com/UFFeScience/akoflow/internal/infrastructure/database/repository/metrics_repository/metrics_repository.go:18.36,23.40 4 1
github.com/UFFeScience/akoflow/internal/infrastructure/database/repository/metrics_repository/metrics_repository.go:23.40,25.3 1 0
github.com/UFFeScience/akoflow/internal/infrastructure/database/repository/metrics_repository/metrics_repository.go:27.2,29.3 1 1
github.com/UFFeScience/akoflow/internal/infrastructure/database/repository/metrics_repository/metrics_repository_create.go:8.71,17.16 4 1
github.com/UFFeScience/akoflow/internal/infrastructure/database/repository/metrics_repository/metrics_repository_create.go:17.16,19.3 1 0
github.com/UFFeScience/akoflow/internal/infrastructure/database/repository/metrics_repository/metrics_repository_create.go:21.2,22.16 2 1
github.com/UFFeScience/akoflow/internal/infrastructure/database/repository/metrics_repository/metrics_repository_create.go:22.16,24.3 1 0
github.com/UFFeScience/akoflow/internal/infrastructure/database/repository/metrics_repository/metrics_repository_create.go:26.2,26.12 1 1
github.com/UFFeScience/akoflow/internal/infrastructure/database/repository/runtime_repository/runtime_repository.go:27.31,32.40 4 1
github.com/UFFeScience/akoflow/internal/infrastructure/database/repository/runtime_repository/runtime_repository.go:32.40,34.3 1 0
github.com/UFFeScience/akoflow/internal/infrastructure/database/repository/runtime_repository/runtime_repository.go:36.2,38.3 1 1
github.com/UFFeScience/akoflow/internal/infrastructure/database/repository/runtime_repository/runtime_repository.go:41.97,45.14 3 1
github.com/UFFeScience/akoflow/internal/infrastructure/database/repository/runtime_repository/runtime_repository.go:45.14,47.3 1 0
github.com/UFFeScience/akoflow/internal/infrastructure/database/repository/runtime_repository/runtime_repository.go:49.2,51.21 2 1
github.com/UFFeScience/akoflow/internal/infrastructure/database/repository/runtime_repository/runtime_repository.go:51.21,53.17 2 1
github.com/UFFeScience/akoflow/internal/infrastructure/database/repository/runtime_repository/runtime_repository.go:53.17,55.4 1 0
github.com/UFFeScience/akoflow/internal/infrastructure/database/repository/runtime_repository/runtime_repository.go:56.3,56.41 1 1
github.com/UFFeScience/akoflow/internal/infrastructure/database/repository/runtime_repository/runtime_repository.go:59.2,61.16 2 1
github.com/UFFeScience/akoflow/internal/infrastructure/database/repository/runtime_repository/runtime_repository.go:61.16,63.3 1 0
github.com/UFFeScience/akoflow/internal/infrastructure/database/repository/runtime_repository/runtime_repository.go:65.2,67.19 2 1
github.com/UFFeScience/akoflow/internal/infrastructure/database/repository/runtime_repository/runtime_repository.go:67.19,69.17 2 1
github.com/UFFeScience/akoflow/internal/infrastructure/database/repository/runtime_repository/runtime_repository.go:69.17,71.4 1 0
github.com/UFFeScience/akoflow/internal/infrastructure/database/repository/runtime_repository/runtime_repository.go:72.8,74.3 1 0
github.com/UFFeScience/akoflow/internal/infrastructure/database/repository/runtime_repository/runtime_repository.go:75.2,76.16 2 1
github.com/UFFeScience/akoflow/internal/infrastructure/database/repository/runtime_repository/runtime_repository.go:76.16,78.3 1 0
github.com/UFFeScience/akoflow/internal/infrastructure/database/repository/runtime_repository/runtime_repository.go:81.2,87.16 5 1
github.com/UFFeScience/akoflow/internal/infrastructure/database/repository/runtime_repository/runtime_repository.go:87.16,89.3 1 1
github.com/UFFeScience/akoflow/internal/infrastructure/database/repository/runtime_repository/runtime_repository.go:89.8,91.3 1 1
github.com/UFFeScience/akoflow/internal/infrastructure/database/repository/runtime_repository/runtime_repository.go:93.2,93.16 1 1
github.com/UFFeScience/akoflow/internal/infrastructure/database/repository/runtime_repository/runtime_repository.go:93.16,95.3 1 0
github.com/UFFeScience/akoflow/internal/infrastructure/database/repository/runtime_repository/runtime_repository.go:99.72,103.14 3 1
github.com/UFFeScience/akoflow/internal/infrastructure/database/repository/runtime_repository/runtime_repository.go:103.14,105.3 1 0
github.com/UFFeScience/akoflow/internal/infrastructure/database/repository/runtime_repository/runtime_repository.go:107.2,110.16 3 1
github.com/UFFeScience/akoflow/internal/infrastructure/database/repository/runtime_repository/runtime_repository.go:110.16,112.3 1 0
github.com/UFFeScience/akoflow/internal/infrastructure/database/repository/runtime_repository/runtime_repository.go:113.2,117.18 3 1
github.com/UFFeScience/akoflow/internal/infrastructure/database/repository/runtime_repository/runtime_repository.go:117.18,121.17 4 1
github.com/UFFeScience/akoflow/internal/infrastructure/database/repository/runtime_repository/runtime_repository.go:121.17,123.4 1 0
github.com/UFFeScience/akoflow/internal/infrastructure/database/repository/runtime_repository/runtime_repository.go:126.3,128.17 3 1
github.com/UFFeScience/akoflow/internal/infrastructure/database/repository/runtime_repository/runtime_repository.go:128.17,130.4 1 0
github.com/UFFeScience/akoflow/internal/infrastructure/database/repository/runtime_repository/runtime_repository.go:132.3,133.46 2 1
github.com/UFFeScience/akoflow/internal/infrastructure/database/repository/runtime_repository/runtime_repository.go:136.2,136.22 1 1
github.com/UFFeScience/akoflow/internal/infrastructure/database/repository/runtime_repository/runtime_repository.go:139.85,143.14 3 1
github.com/UFFeScience/akoflow/internal/infrastructure/database/repository/runtime_repository/runtime_repository.go:143.14,145.3 1 0
github.com/UFFeScience/akoflow/internal/infrastructure/database/repository/runtime_repository/runtime_repository.go:147.2,152.16 5 1
github.com/UFFeScience/akoflow/internal/infrastructure/database/repository/runtime_repository/runtime_repository.go:152.16,154.3 1 1
github.com/UFFeScience/akoflow/internal/infrastructure/database/repository/runtime_repository/runtime_repository.go:156.2,158.16 3 1
github.com/UFFeScience/akoflow/internal/infrastructure/database/repository/runtime_repository/runtime_repository.go:158.16,160.3 1 0
github.com/UFFeScience/akoflow/internal/infrastructure/database/repository/runtime_repository/runtime_repository.go:161.2,162.27 2 1
github.com/UFFeScience/akoflow/internal/infrastructure/database/repository/runtime_repository/runtime_repository.go:165.93,169.14 3 1
github.com/UFFeScience/akoflow/internal/infrastructure/database/repository/runtime_repository/runtime_repository.go:169.14,171.3 1 0
github.com/UFFeScience/akoflow/internal/infrastructure/database/repository/runtime_repository/runtime_repository.go:173.2,176.16 3 1
github.com/UFFeScience/akoflow/internal/infrastructure/database/repository/runtime_repository/runtime_repository.go:176.16,178.3 1 0
github.com/UFFeScience/akoflow/internal/infrastructure/database/repository/runtime_repository/runtime_repository.go:180.2,180.12 1 1
github.com/UFFeScience/akoflow/internal/infrastructure/database/repository/activity_repository/activity_repository.go:22.37,26.40 4 1
github.com/UFFeScience/akoflow/internal/infrastructure/database/repository/activity_repository/activity_repository.go:26.40,28.3 1 0
github.com/UFFeScience/akoflow/internal/infrastructure/database/repository/activity_repository/activity_repository.go:30.2,35.3 1 1
github.com/UFFeScience/akoflow/internal/infrastructure/database/repository/activity_repository/activity_repository_activity_schedule.go:8.190,23.16 4 1
github.com/UFFeScience/akoflow/internal/infrastructure/database/repository/activity_repository/activity_repository_activity_schedule.go:23.16,25.3 1 0
github.com/UFFeScience/akoflow/internal/infrastructure/database/repository/activity_repository/activity_repository_activity_schedule.go:27.2,28.16 2 1
github.com/UFFeScience/akoflow/internal/infrastructure/database/repository/activity_repository/activity_repository_activity_schedule.go:28.16,30.3 1 0
github.com/UFFeScience/akoflow/internal/infrastructure/database/repository/activity_repository/activity_repository_activity_schedule.go:32.2,32.12 1 1
github.com/UFFeScience/akoflow/internal/infrastructure/database/repository/activity_repository/activity_repository_activity_schedule.go:35.135,42.16 6 1
github.com/UFFeScience/akoflow/internal/infrastructure/database/repository/activity_repository/activity_repository_activity_schedule.go:42.16,44.3 1 0
github.com/UFFeScience/akoflow/internal/infrastructure/database/repository/activity_repository/activity_repository_activity_schedule.go:45.2,47.18 2 1
github.com/UFFeScience/akoflow/internal/infrastructure/database/repository/activity_repository/activity_repository_activity_schedule.go:47.18,60.17 3 1
github.com/UFFeScience/akoflow/internal/infrastructure/database/repository/activity_repository/activity_repository_activity_schedule.go:60.17,62.4 1 0
github.com/UFFeScience/akoflow/internal/infrastructure/database/repository/activity_repository/activity_repository_activity_schedule.go:63.3,63.66 1 1
github.com/UFFeScience/akoflow/internal/infrastructure/database/repository/activity_repository/activity_repository_activity_schedule.go:66.2,66.31 1 1
github.com/UFFeScience/akoflow/internal/infrastructure/database/repository/activity_repository/activity_repository_activity_schedule.go:69.129,76.16 6 1
github.com/UFFeScience/akoflow/internal/infrastructure/database/repository/activity_repository/activity_repository_activity_schedule.go:76.16,78.3 1 0
github.com/UFFeScience/akoflow/internal/infrastructure/database/repository/activity_repository/activity_repository_activity_schedule.go:79.2,80.18 2 1
github.com/UFFeScience/akoflow/internal/infrastructure/database/repository/activity_repository/activity_repository_activity_schedule.go:80.18,93.17 3 1
github.com/UFFeScience/akoflow/internal/infrastructure/database/repository/activity_repository/activity_repository_activity_schedule.go:93.17,95.4 1 0
github.com/UFFeScience/akoflow/internal/infrastructure/database/repository/activity_repository/activity_repository_activity_schedule.go:96.3,96.66 1 1
github.com/UFFeScience/akoflow/internal/infrastructure/database/repository/activity_repository/activity_repository_activity_schedule.go:98.2,98.33 1 1
github.com/UFFeScience/akoflow/internal/infrastructure/database/repository/activity_repository/activity_repository_activity_schedule.go:98.33,100.3 1 1
github.com/UFFeScience/akoflow/internal/infrastructure/database/repository/activity_repository/activity_repository_activity_schedule.go:101.2,101.34 1 1
github.com/UFFeScience/akoflow/internal/infrastructure/database/repository/activity_repository/activity_repository_activity_schedule.go:104.96,111.16 6 1
github.com/UFFeScience/akoflow/internal/infrastructure/database/repository/activity_repository/activity_repository_activity_schedule.go:111.16,113.3 1 0
github.com/UFFeScience/akoflow/internal/infrastructure/database/repository/activity_repository/activity_repository_activity_schedule.go:115.2,115.23 1 1
github.com/UFFeScience/akoflow/internal/infrastructure/database/repository/activity_repository/activity_repository_create.go:9.154,15.16 4 1
github.com/UFFeScience/akoflow/internal/infrastructure/database/repository/activity_repository/activity_repository_create.go:15.16,18.3 2 0
github.com/UFFeScience/akoflow/internal/infrastructure/database/repository/activity_repository/activity_repository_create.go:20.2,24.16 3 1
github.com/UFFeScience/akoflow/internal/infrastructure/database/repository/activity_repository/activity_repository_create.go:24.16,27.3 2 0
github.com/UFFeScience/akoflow/internal/infrastructure/database/repository/activity_repository/activity_repository_create.go:29.2,29.12 1 1
github.com/UFFeScience/akoflow/internal/infrastructure/database/repository/activity_repository/activity_repository_create.go:37.160,43.16 4 1
github.com/UFFeScience/akoflow/internal/infrastructure/database/repository/activity_repository/activity_repository_create.go:43.16,46.3 2 0
github.com/UFFeScience/akoflow/internal/infrastructure/database/repository/activity_repository/activity_repository_create.go:47.2,49.38 2 1
github.com/UFFeScience/akoflow/internal/infrastructure/database/repository/activity_repository/activity_repository_create.go:49.38,50.32 1 1
github.com/UFFeScience/akoflow/internal/infrastructure/database/repository/activity_repository/activity_repository_create.go:50.32,51.12 1 1
github.com/UFFeScience/akoflow/internal/infrastructure/database/repository/activity_repository/activity_repository_create.go:53.3,59.17 3 1
github.com/UFFeScience/akoflow/internal/infrastructure/database/repository/activity_repository/activity_repository_create.go:59.17,61.4 1 0
github.com/UFFeScience/akoflow/internal/infrastructure/database/repository/activity_repository/activity_repository_create.go:63.3,65.58 2 1
github.com/UFFeScience/akoflow/internal/infrastructure/database/repository/activity_repository/activity_repository_create.go:69.2,71.16 2 1
github.com/UFFeScience/akoflow/internal/infrastructure/database/repository/activity_repository/activity_repository_create.go:71.16,73.3 1 0
github.com/UFFeScience/akoflow/internal/infrastructure/database/repository/activity_repository/activity_repository_create.go:75.2,75.12 1 1
github.com/UFFeScience/akoflow/internal/infrastructure/database/repository/activity_repository/activity_repository_create.go:78.162,85.38 4 1
github.com/UFFeScience/akoflow/internal/infrastructure/database/repository/activity_repository/activity_repository_create.go:85.38,92.27 4 1
github.com/UFFeScience/akoflow/internal/infrastructure/database/repository/activity_repository/activity_repository_create.go:92.27,94.4 1 0
github.com/UFFeScience/akoflow/internal/infrastructure/database/repository/activity_repository/activity_repository_create.go:96.3,96.29 1 1
github.com/UFFeScience/akoflow/internal/infrastructure/database/repository/activity_repository/activity_repository_create.go:96.29,98.4 1 1
github.com/UFFeScience/akoflow/internal/infrastructure/database/repository/activity_repository/activity_repository_create.go:99.3,99.31 1 1
github.com/UFFeScience/akoflow/internal/infrastructure/database/repository/activity_repository/activity_repository_create.go:99.31,101.4 1 1
github.com/UFFeScience/akoflow/internal/infrastructure/database/repository/activity_repository/activity_repository_create.go:103.3,107.17 2 1
github.com/UFFeScience/akoflow/internal/infrastructure/database/repository/activity_repository/activity_repository_create.go:107.17,109.4 1 0
github.com/UFFeScience/akoflow/internal/infrastructure/database/repository/activity_repository/activity_repository_create.go:111.3,113.17 2 1
github.com/UFFeScience/akoflow/internal/infrastructure/database/repository/activity_repository/activity_repository_create.go:113.17,115.4 1 0
github.com/UFFeScience/akoflow/internal/infrastructure/database/repository/activity_repository/activity_repository_create.go:117.3,119.52 2 1
github.com/UFFeScience/akoflow/internal/infrastructure/database/repository/activity_repository/activity_repository_create.go:123.2,123.12 1 1
github.com/UFFeScience/akoflow/internal/infrastructure/database/repository/activity_repository/activity_repository_create.go:126.139,133.16 4 1
github.com/UFFeScience/akoflow/internal/infrastructure/database/repository/activity_repository/activity_repository_create.go:133.16,136.3 2 0
github.com/UFFeScience/akoflow/internal/infrastructure/database/repository/activity_repository/activity_repository_create.go:137.2,139.42 2 1
github.com/UFFeScience/akoflow/internal/infrastructure/database/repository/activity_repository/activity_repository_create.go:139.42,140.32 1 1
github.com/UFFeScience/akoflow/internal/infrastructure/database/repository/activity_repository/activity_repository_create.go:140.32,141.12 1 1
github.com/UFFeScience/akoflow/internal/infrastructure/database/repository/activity_repository/activity_repository_create.go:144.3,144.55 1 1
github.com/UFFeScience/akoflow/internal/infrastructure/database/repository/activity_repository/activity_repository_create.go:144.55,146.31 2 1
github.com/UFFeScience/akoflow/internal/infrastructure/database/repository/activity_repository/activity_repository_create.go:146.31,148.13 2 0
github.com/UFFeScience/akoflow/internal/infrastructure/database/repository/activity_repository/activity_repository_create.go:151.4,155.18 3 1
github.com/UFFeScience/akoflow/internal/infrastructure/database/repository/activity_repository/activity_repository_create.go:155.18,158.5 2 0
github.com/UFFeScience/akoflow/internal/infrastructure/database/repository/activity_repository/activity_repository_create.go:160.4,162.64 2 1
github.com/UFFeScience/akoflow/internal/infrastructure/database/repository/activity_repository/activity_repository_create.go:167.2,169.16 2 1
github.com/UFFeScience/akoflow/internal/infrastructure/database/repository/activity_repository/activity_repository_create.go:169.16,171.3 1 0
github.com/UFFeScience/akoflow/internal/infrastructure/database/repository/activity_repository/activity_repository_create.go:173.2,173.12 1 1
github.com/UFFeScience/akoflow/internal/infrastructure/database/repository/activity_repository/activity_repository_create.go:176.129,178.38 2 1
github.com/UFFeScience/akoflow/internal/infrastructure/database/repository/activity_repository/activity_repository_create.go:178.38,180.3 1 1
github.com/UFFeScience/akoflow/internal/infrastructure/database/repository/activity_repository/activity_repository_create.go:181.2,181.28 1 1
github.com/UFFeScience/akoflow/internal/infrastructure/database/repository/activity_repository/activity_repository_find.go:8.96,13.16 4 1
github.com/UFFeScience/akoflow/internal/infrastructure/database/repository/activity_repository/activity_repository_find.go:13.16,15.3 1 0
github.com/UFFeScience/akoflow/internal/infrastructure/database/repository/activity_repository/activity_repository_find.go:17.2,18.18 2 1
github.com/UFFeScience/akoflow/internal/infrastructure/database/repository/activity_repository/activity_repository_find.go:18.18,20.17 2 1
github.com/UFFeScience/akoflow/internal/infrastructure/database/repository/activity_repository/activity_repository_find.go:20.17,22.4 1 0
github.com/UFFeScience/akoflow/internal/infrastructure/database/repository/activity_repository/activity_repository_find.go:25.2,28.16 3 1
github.com/UFFeScience/akoflow/internal/infrastructure/database/repository/activity_repository/activity_repository_find.go:28.16,30.3 1 0
github.com/UFFeScience/akoflow/internal/infrastructure/database/repository/activity_repository/activity_repository_find.go:32.2,32.22 1 1
github.com/UFFeScience/akoflow/internal/infrastructure/database/repository/activity_repository/activity_repository_find.go:35.122,42.16 4 0
github.com/UFFeScience/akoflow/internal/infrastructure/database/repository/activity_repository/activity_repository_find.go:42.16,44.3 1 0
github.com/UFFeScience/akoflow/internal/infrastructure/database/repository/activity_repository/activity_repository_find.go:46.2,48.18 2 0
github.com/UFFeScience/akoflow/internal/infrastructure/database/repository/activity_repository/activity_repository_find.go:48.18,51.17 3 0
github.com/UFFeScience/akoflow/internal/infrastructure/database/repository/activity_repository/activity_repository_find.go:51.17,53.4 1 0
github.com/UFFeScience/akoflow/internal/infrastructure/database/repository/activity_repository/activity_repository_find.go:54.3,54.53 1 0
github.com/UFFeScience/akoflow/internal/infrastructure/database/repository/activity_repository/activity_repository_find.go:57.2,59.16 2 0
github.com/UFFeScience/akoflow/internal/infrastructure/database/repository/activity_repository/activity_repository_find.go:59.16,61.3 1 0
github.com/UFFeScience/akoflow/internal/infrastructure/database/repository/activity_repository/activity_repository_find.go:63.2,63.27 1 0
github.com/UFFeScience/akoflow/internal/infrastructure/database/repository/activity_repository/activity_repository_find_preactivity.go:8.124,13.16 4 0
github.com/UFFeScience/akoflow/internal/infrastructure/database/repository/activity_repository/activity_repository_find_preactivity.go:13.16,15.3 1 0
github.com/UFFeScience/akoflow/internal/infrastructure/database/repository/activity_repository/activity_repository_find_preactivity.go:17.2,18.18 2 0
github.com/UFFeScience/akoflow/internal/infrastructure/database/repository/activity_repository/activity_repository_find_preactivity.go:18.18,20.17 2 0
github.com/UFFeScience/akoflow/internal/infrastructure/database/repository/activity_repository/activity_repository_find_preactivity.go:20.17,22.4 1 0
github.com/UFFeScience/akoflow/internal/infrastructure/database/repository/activity_repository/activity_repository_find_preactivity.go:25.2,26.16 2 0
github.com/UFFeScience/akoflow/internal/infrastructure/database/repository/activity_repository/activity_repository_find_preactivity.go:26.16,28.3 1 0
github.com/UFFeScience/akoflow/internal/infrastructure/database/repository/activity_repository/activity_repository_find_preactivity.go:30.2,30.25 1 0
github.com/UFFeScience/akoflow/internal/infrastructure/database/repository/activity_repository/activity_repository_get_activities_by_workflow_ids.go:11.110,15.25 2 0
github.com/UFFeScience/akoflow/internal/infrastructure/database/repository/activity_repository/activity_repository_get_activities_by_workflow_ids.go:15.25,19.17 4 0
github.com/UFFeScience/akoflow/internal/infrastructure/database/repository/activity_repository/activity_repository_get_activities_by_workflow_ids.go:19.17,21.4 1 0
github.com/UFFeScience/akoflow/internal/infrastructure/database/repository/activity_repository/activity_repository_get_activities_by_workflow_ids.go:23.3,23.19 1 0
github.com/UFFeScience/akoflow/internal/infrastructure/database/repository/activity_repository/activity_repository_get_activities_by_workflow_ids.go:23.19,26.18 3 0
github.com/UFFeScience/akoflow/internal/infrastructure/database/repository/activity_repository/activity_repository_get_activities_by_workflow_ids.go:26.18,28.5 1 0
github.com/UFFeScience/akoflow/internal/infrastructure/database/repository/activity_repository/activity_repository_get_activities_by_workflow_ids.go:30.4,32.38 2 0
github.com/UFFeScience/akoflow/internal/infrastructure/database/repository/activity_repository/activity_repository_get_activities_by_workflow_ids.go:32.38,34.5 1 0
github.com/UFFeScience/akoflow/internal/infrastructure/database/repository/activity_repository/activity_repository_get_activities_by_workflow_ids.go:36.4,36.71 1 0
github.com/UFFeScience/akoflow/internal/infrastructure/database/repository/activity_repository/activity_repository_get_activities_by_workflow_ids.go:38.3,39.17 2 0
github.com/UFFeScience/akoflow/internal/infrastructure/database/repository/activity_repository/activity_repository_get_activities_by_workflow_ids.go:39.17,41.4 1 0
github.com/UFFeScience/akoflow/internal/infrastructure/database/repository/activity_repository/activity_repository_get_activities_by_workflow_ids.go:44.2,44.33 1 0
github.com/UFFeScience/akoflow/internal/infrastructure/database/repository/activity_repository/activity_repository_get_wfa_dependencies.go:8.136,13.16 4 1
github.com/UFFeScience/akoflow/internal/infrastructure/database/repository/activity_repository/activity_repository_get_wfa_dependencies.go:13.16,15.3 1 0
github.com/UFFeScience/akoflow/internal/infrastructure/database/repository/activity_repository/activity_repository_get_wfa_dependencies.go:18.2,19.18 2 1
github.com/UFFeScience/akoflow/internal/infrastructure/database/repository/activity_repository/activity_repository_get_wfa_dependencies.go:19.18,22.17 3 1
github.com/UFFeScience/akoflow/internal/infrastructure/database/repository/activity_repository/activity_repository_get_wfa_dependencies.go:22.17,24.4 1 0
github.com/UFFeScience/akoflow/internal/infrastructure/database/repository/activity_repository/activity_repository_get_wfa_dependencies.go:25.3,25.83 1 1
github.com/UFFeScience/akoflow/internal/infrastructure/database/repository/activity_repository/activity_repository_get_wfa_dependencies.go:28.2,29.16 2 1
github.com/UFFeScience/akoflow/internal/infrastructure/database/repository/activity_repository/activity_repository_get_wfa_dependencies.go:29.16,31.3 1 0
github.com/UFFeScience/akoflow/internal/infrastructure/database/repository/activity_repository/activity_repository_get_wfa_dependencies.go:33.2,33.37 1 1
github.com/UFFeScience/akoflow/internal/infrastructure/database/repository/activity_repository/activity_repository_get_workflow_id.go:8.109,13.16 4 1
github.com/UFFeScience/akoflow/internal/infrastructure/database/repository/activity_repository/activity_repository_get_workflow_id.go:13.16,15.3 1 0
github.com/UFFeScience/akoflow/internal/infrastructure/database/repository/activity_repository/activity_repository_get_workflow_id.go:17.2,19.18 3 1
github.com/UFFeScience/akoflow/internal/infrastructure/database/repository/activity_repository/activity_repository_get_workflow_id.go:19.18,21.17 2 1
github.com/UFFeScience/akoflow/internal/infrastructure/database/repository/activity_repository/activity_repository_get_workflow_id.go:21.17,23.4 1 0
github.com/UFFeScience/akoflow/internal/infrastructure/database/repository/activity_repository/activity_repository_get_workflow_id.go:25.3,26.44 2 1
github.com/UFFeScience/akoflow/internal/infrastructure/database/repository/activity_repository/activity_repository_get_workflow_id.go:30.2,31.16 2 1
github.com/UFFeScience/akoflow/internal/infrastructure/database/repository/activity_repository/activity_repository_get_workflow_id.go:31.16,33.3 1 0
github.com/UFFeScience/akoflow/internal/infrastructure/database/repository/activity_repository/activity_repository_get_workflow_id.go:35.2,35.24 1 1
github.com/UFFeScience/akoflow/internal/infrastructure/database/repository/activity_repository/activity_repository_get_workflow_id.go:39.111,44.16 4 1
github.com/UFFeScience/akoflow/internal/infrastructure/database/repository/activity_repository/activity_repository_get_workflow_id.go:44.16,46.3 1 0
github.com/UFFeScience/akoflow/internal/infrastructure/database/repository/activity_repository/activity_repository_get_workflow_id.go:48.2,50.18 3 1
github.com/UFFeScience/akoflow/internal/infrastructure/database/repository/activity_repository/activity_repository_get_workflow_id.go:50.18,52.17 2 0
github.com/UFFeScience/akoflow/internal/infrastructure/database/repository/activity_repository/activity_repository_get_workflow_id.go:52.17,54.4 1 0
github.com/UFFeScience/akoflow/internal/infrastructure/database/repository/activity_repository/activity_repository_get_workflow_id.go:56.3,57.44 2 0
github.com/UFFeScience/akoflow/internal/infrastructure/database/repository/activity_repository/activity_repository_get_workflow_id.go:61.2,62.16 2 1
github.com/UFFeScience/akoflow/internal/infrastructure/database/repository/activity_repository/activity_repository_get_workflow_id.go:62.16,64.3 1 0
github.com/UFFeScience/akoflow/internal/infrastructure/database/repository/activity_repository/activity_repository_get_workflow_id.go:66.2,66.24 1 1
github.com/UFFeScience/akoflow/internal/infrastructure/database/repository/activity_repository/activity_repository_update_preactivity.go:8.128,16.16 4 0
github.com/UFFeScience/akoflow/internal/infrastructure/database/repository/activity_repository/activity_repository_update_preactivity.go:16.16,18.3 1 0
github.com/UFFeScience/akoflow/internal/infrastructure/database/repository/activity_repository/activity_repository_update_preactivity.go:20.2,22.16 2 0
github.com/UFFeScience/akoflow/internal/infrastructure/database/repository/activity_repository/activity_repository_update_preactivity.go:22.16,24.3 1 0
github.com/UFFeScience/akoflow/internal/infrastructure/database/repository/activity_repository/activity_repository_update_preactivity.go:26.2,26.12 1 0
github.com/UFFeScience/akoflow/internal/infrastructure/database/repository/activity_repository/activity_repository_update_status.go:5.69,9.30 3 1
github.com/UFFeScience/akoflow/internal/infrastructure/database/repository/activity_repository/activity_repository_update_status.go:9.30,11.17 2 1
github.com/UFFeScience/akoflow/internal/infrastructure/database/repository/activity_repository/activity_repository_update_status.go:11.17,13.4 1 0
github.com/UFFeScience/akoflow/internal/infrastructure/database/repository/activity_repository/activity_repository_update_status.go:16.2,16.29 1 1
github.com/UFFeScience/akoflow/internal/infrastructure/database/repository/activity_repository/activity_repository_update_status.go:16.29,18.17 2 1
github.com/UFFeScience/akoflow/internal/infrastructure/database/repository/activity_repository/activity_repository_update_status.go:18.17,20.4 1 0
github.com/UFFeScience/akoflow/internal/infrastructure/database/repository/activity_repository/activity_repository_update_status.go:23.2,23.29 1 1
github.com/UFFeScience/akoflow/internal/infrastructure/database/repository/activity_repository/activity_repository_update_status.go:23.29,25.17 2 0
github.com/UFFeScience/akoflow/internal/infrastructure/database/repository/activity_repository/activity_repository_update_status.go:25.17,27.4 1 0
github.com/UFFeScience/akoflow/internal/infrastructure/database/repository/activity_repository/activity_repository_update_status.go:30.2,30.29 1 1
github.com/UFFeScience/akoflow/internal/infrastructure/database/repository/activity_repository/activity_repository_update_status.go:30.29,32.17 2 0
github.com/UFFeScience/akoflow/internal/infrastructure/database/repository/activity_repository/activity_repository_update_status.go:32.17,34.4 1 0
github.com/UFFeScience/akoflow/internal/infrastructure/database/repository/activity_repository/activity_repository_update_status.go:37.2,39.16 2 1
github.com/UFFeScience/akoflow/internal/infrastructure/database/repository/activity_repository/activity_repository_update_status.go:39.16,41.3 1 0
github.com/UFFeScience/akoflow/internal/infrastructure/database/repository/activity_repository/activity_repository_update_status.go:43.2,43.12 1 1
github.com/UFFeScience/akoflow/internal/infrastructure/database/repository/activity_repository/activity_repository_update_status.go:46.69,51.16 4 1
github.com/UFFeScience/akoflow/internal/infrastructure/database/repository/activity_repository/activity_repository_update_status.go:51.16,53.3 1 0
github.com/UFFeScience/akoflow/internal/infrastructure/database/repository/activity_repository/activity_repository_update_status.go:55.2,57.16 2 1
github.com/UFFeScience/akoflow/internal/infrastructure/database/repository/activity_repository/activity_repository_update_status.go:57.16,59.3 1 0
github.com/UFFeScience/akoflow/internal/infrastructure/database/repository/activity_repository/activity_repository_update_status.go:61.2,61.12 1 1
github.com/UFFeScience/akoflow/internal/infrastructure/database/repository/activity_repository/activity_repository_update_status.go:64.92,69.16 4 1
github.com/UFFeScience/akoflow/internal/infrastructure/database/repository/activity_repository/activity_repository_update_status.go:69.16,71.3 1 0
github.com/UFFeScience/akoflow/internal/infrastructure/database/repository/activity_repository/activity_repository_update_status.go:73.2,75.16 2 1
github.com/UFFeScience/akoflow/internal/infrastructure/database/repository/activity_repository/activity_repository_update_status.go:75.16,77.3 1 0
github.com/UFFeScience/akoflow/internal/infrastructure/database/repository/activity_repository/activity_repository_update_status.go:79.2,79.12 1 1
github.com/UFFeScience/akoflow/internal/infrastructure/database/repository/schedule_plan_repository/schedule_plan_repository.go:19.24,22.41 3 1
github.com/UFFeScience/akoflow/internal/infrastructure/database/repository/schedule_plan_repository/schedule_plan_repository.go:22.41,23.13 1 0
github.com/UFFeScience/akoflow/internal/infrastructure/database/repository/schedule_plan_repository/schedule_plan_repository.go:25.2,25.22 1 1
github.com/UFFeScience/akoflow/internal/infrastructure/database/repository/schedule_plan_repository/schedule_plan_repository.go:28.59,32.16 4 1
github.com/UFFeScience/akoflow/internal/infrastructure/database/repository/schedule_plan_repository/schedule_plan_repository.go:32.16,34.3 1 0
github.com/UFFeScience/akoflow/internal/infrastructure/database/repository/schedule_plan_repository/schedule_plan_repository.go:35.2,43.93 2 1
github.com/UFFeScience/akoflow/internal/infrastructure/database/repository/schedule_plan_repository/schedule_plan_repository.go:43.93,45.3 1 1
github.com/UFFeScience/akoflow/internal/infrastructure/database/repository/schedule_plan_repository/schedule_plan_repository.go:46.2,46.46 1 1
github.com/UFFeScience/akoflow/internal/infrastructure/database/repository/schedule_plan_repository/schedule_plan_repository.go:46.46,48.17 2 1
github.com/UFFeScience/akoflow/internal/infrastructure/database/repository/schedule_plan_repository/schedule_plan_repository.go:48.17,50.4 1 1
github.com/UFFeScience/akoflow/internal/infrastructure/database/repository/schedule_plan_repository/schedule_plan_repository.go:51.3,61.97 1 1
github.com/UFFeScience/akoflow/internal/infrastructure/database/repository/schedule_plan_repository/schedule_plan_repository.go:61.97,63.4 1 0
github.com/UFFeScience/akoflow/internal/infrastructure/database/repository/schedule_plan_repository/schedule_plan_repository.go:65.2,65.20 1 1
github.com/UFFeScience/akoflow/internal/infrastructure/database/repository/schedule_plan_repository/schedule_plan_repository.go:68.68,80.26 6 1
github.com/UFFeScience/akoflow/internal/infrastructure/database/repository/schedule_plan_repository/schedule_plan_repository.go:80.26,82.3 1 1
github.com/UFFeScience/akoflow/internal/infrastructure/database/repository/schedule_plan_repository/schedule_plan_repository.go:83.2,83.16 1 1
github.com/UFFeScience/akoflow/internal/infrastructure/database/repository/schedule_plan_repository/schedule_plan_repository.go:83.16,85.3 1 0
github.com/UFFeScience/akoflow/internal/infrastructure/database/repository/schedule_plan_repository/schedule_plan_repository.go:86.2,93.16 3 1
github.com/UFFeScience/akoflow/internal/infrastructure/database/repository/schedule_plan_repository/schedule_plan_repository.go:93.16,95.3 1 0
github.com/UFFeScience/akoflow/internal/infrastructure/database/repository/schedule_plan_repository/schedule_plan_repository.go:96.2,97.18 2 1
github.com/UFFeScience/akoflow/internal/infrastructure/database/repository/schedule_plan_repository/schedule_plan_repository.go:97.18,105.54 3 1
github.com/UFFeScience/akoflow/internal/infrastructure/database/repository/schedule_plan_repository/schedule_plan_repository.go:105.54,107.4 1 0
github.com/UFFeScience/akoflow/internal/infrastructure/database/repository/schedule_plan_repository/schedule_plan_repository.go:108.3,108.21 1 1
github.com/UFFeScience/akoflow/internal/infrastructure/database/repository/schedule_plan_repository/schedule_plan_repository.go:108.21,109.81 1 1
github.com/UFFeScience/akoflow/internal/infrastructure/database/repository/schedule_plan_repository/schedule_plan_repository.go:109.81,111.5 1 0
github.com/UFFeScience/akoflow/internal/infrastructure/database/repository/schedule_plan_repository/schedule_plan_repository.go:113.3,113.58 1 1
github.com/UFFeScience/akoflow/internal/infrastructure/database/repository/schedule_plan_repository/schedule_plan_repository.go:115.2,115.26 1 1
github.com/UFFeScience/akoflow/internal/infrastructure/database/repository/workflow_definition_repository/workflow_repository.go:28.24,31.41 3 1
github.com/UFFeScience/akoflow/internal/infrastructure/database/repository/workflow_definition_repository/workflow_repository.go:31.41,32.13 1 0
github.com/UFFeScience/akoflow/internal/infrastructure/database/repository/workflow_definition_repository/workflow_repository.go:34.2,34.22 1 1
github.com/UFFeScience/akoflow/internal/infrastructure/database/repository/workflow_definition_repository/workflow_repository.go:37.58,41.16 4 1
github.com/UFFeScience/akoflow/internal/infrastructure/database/repository/workflow_definition_repository/workflow_repository.go:41.16,43.3 1 0
github.com/UFFeScience/akoflow/internal/infrastructure/database/repository/workflow_definition_repository/workflow_repository.go:44.2,47.37 2 1
github.com/UFFeScience/akoflow/internal/infrastructure/database/repository/workflow_definition_repository/workflow_repository.go:47.37,49.3 1 1
github.com/UFFeScience/akoflow/internal/infrastructure/database/repository/workflow_definition_repository/workflow_repository.go:50.2,54.39 2 1
github.com/UFFeScience/akoflow/internal/infrastructure/database/repository/workflow_definition_repository/workflow_repository.go:54.39,56.3 1 0
github.com/UFFeScience/akoflow/internal/infrastructure/database/repository/workflow_definition_repository/workflow_repository.go:57.2,57.48 1 1
github.com/UFFeScience/akoflow/internal/infrastructure/database/repository/workflow_definition_repository/workflow_repository.go:57.48,65.65 2 1
github.com/UFFeScience/akoflow/internal/infrastructure/database/repository/workflow_definition_repository/workflow_repository.go:65.65,67.4 1 0
github.com/UFFeScience/akoflow/internal/infrastructure/database/repository/workflow_definition_repository/workflow_repository.go:69.2,69.46 1 1
github.com/UFFeScience/akoflow/internal/infrastructure/database/repository/workflow_definition_repository/workflow_repository.go:69.46,78.95 2 1
github.com/UFFeScience/akoflow/internal/infrastructure/database/repository/workflow_definition_repository/workflow_repository.go:78.95,80.4 1 0
github.com/UFFeScience/akoflow/internal/infrastructure/database/repository/workflow_definition_repository/workflow_repository.go:82.2,82.50 1 1
github.com/UFFeScience/akoflow/internal/infrastructure/database/repository/workflow_definition_repository/workflow_repository.go:82.50,86.33 1 1
github.com/UFFeScience/akoflow/internal/infrastructure/database/repository/workflow_definition_repository/workflow_repository.go:86.33,88.4 1 0
github.com/UFFeScience/akoflow/internal/infrastructure/database/repository/workflow_definition_repository/workflow_repository.go:90.2,90.20 1 1
github.com/UFFeScience/akoflow/internal/infrastructure/database/repository/workflow_definition_repository/workflow_repository.go:93.78,100.26 5 1
github.com/UFFeScience/akoflow/internal/infrastructure/database/repository/workflow_definition_repository/workflow_repository.go:100.26,102.3 1 1
github.com/UFFeScience/akoflow/internal/infrastructure/database/repository/workflow_definition_repository/workflow_repository.go:103.2,103.16 1 1
github.com/UFFeScience/akoflow/internal/infrastructure/database/repository/workflow_definition_repository/workflow_repository.go:103.16,105.3 1 0
github.com/UFFeScience/akoflow/internal/infrastructure/database/repository/workflow_definition_repository/workflow_repository.go:106.2,110.16 2 1
github.com/UFFeScience/akoflow/internal/infrastructure/database/repository/workflow_definition_repository/workflow_repository.go:110.16,112.3 1 0
github.com/UFFeScience/akoflow/internal/infrastructure/database/repository/workflow_definition_repository/workflow_repository.go:113.2,113.18 1 1
github.com/UFFeScience/akoflow/internal/infrastructure/database/repository/workflow_definition_repository/workflow_repository.go:113.18,120.59 3 1
github.com/UFFeScience/akoflow/internal/infrastructure/database/repository/workflow_definition_repository/workflow_repository.go:120.59,123.4 2 0
github.com/UFFeScience/akoflow/internal/infrastructure/database/repository/workflow_definition_repository/workflow_repository.go:124.3,125.62 2 1
github.com/UFFeScience/akoflow/internal/infrastructure/database/repository/workflow_definition_repository/workflow_repository.go:127.2,132.16 3 1
github.com/UFFeScience/akoflow/internal/infrastructure/database/repository/workflow_definition_repository/workflow_repository.go:132.16,134.3 1 0
github.com/UFFeScience/akoflow/internal/infrastructure/database/repository/workflow_definition_repository/workflow_repository.go:135.2,136.18 2 1
github.com/UFFeScience/akoflow/internal/infrastructure/database/repository/workflow_definition_repository/workflow_repository.go:136.18,139.34 2 1
github.com/UFFeScience/akoflow/internal/infrastructure/database/repository/workflow_definition_repository/workflow_repository.go:139.34,141.4 1 0
github.com/UFFeScience/akoflow/internal/infrastructure/database/repository/workflow_definition_repository/workflow_repository.go:142.3,142.68 1 1
github.com/UFFeScience/akoflow/internal/infrastructure/database/repository/workflow_definition_repository/workflow_repository.go:144.2,144.30 1 1
github.com/UFFeScience/akoflow/internal/infrastructure/database/repository/resource_repository/resource_repository.go:30.24,33.41 3 1
github.com/UFFeScience/akoflow/internal/infrastructure/database/repository/resource_repository/resource_repository.go:33.41,34.13 1 0
github.com/UFFeScience/akoflow/internal/infrastructure/database/repository/resource_repository/resource_repository.go:36.2,36.30 1 1
github.com/UFFeScience/akoflow/internal/infrastructure/database/repository/resource_repository/resource_repository.go:39.69,43.16 4 1
github.com/UFFeScience/akoflow/internal/infrastructure/database/repository/resource_repository/resource_repository.go:43.16,45.3 1 1
github.com/UFFeScience/akoflow/internal/infrastructure/database/repository/resource_repository/resource_repository.go:46.2,70.12 2 1
github.com/UFFeScience/akoflow/internal/infrastructure/database/repository/resource_repository/resource_repository.go:78.86,91.16 6 1
github.com/UFFeScience/akoflow/internal/infrastructure/database/repository/resource_repository/resource_repository.go:91.16,93.3 1 1
github.com/UFFeScience/akoflow/internal/infrastructure/database/repository/resource_repository/resource_repository.go:94.2,96.18 3 1
github.com/UFFeScience/akoflow/internal/infrastructure/database/repository/resource_repository/resource_repository.go:96.18,98.3 1 1
github.com/UFFeScience/akoflow/internal/infrastructure/database/repository/resource_repository/resource_repository.go:99.2,99.20 1 1
github.com/UFFeScience/akoflow/internal/infrastructure/database/repository/resource_repository/resource_repository.go:99.20,100.78 1 1
github.com/UFFeScience/akoflow/internal/infrastructure/database/repository/resource_repository/resource_repository.go:100.78,102.4 1 0
github.com/UFFeScience/akoflow/internal/infrastructure/database/repository/resource_repository/resource_repository.go:104.2,104.23 1 1
github.com/UFFeScience/akoflow/internal/infrastructure/database/repository/resource_repository/resource_repository.go:107.76,111.26 4 1
github.com/UFFeScience/akoflow/internal/infrastructure/database/repository/resource_repository/resource_repository.go:111.26,113.3 1 1
github.com/UFFeScience/akoflow/internal/infrastructure/database/repository/resource_repository/resource_repository.go:114.2,114.22 1 1
github.com/UFFeScience/akoflow/internal/infrastructure/database/repository/resource_repository/resource_repository.go:117.114,121.26 4 1
github.com/UFFeScience/akoflow/internal/infrastructure/database/repository/resource_repository/resource_repository.go:121.26,123.3 1 1
github.com/UFFeScience/akoflow/internal/infrastructure/database/repository/resource_repository/resource_repository.go:124.2,124.22 1 1
github.com/UFFeScience/akoflow/internal/infrastructure/database/repository/resource_repository/resource_repository.go:127.89,131.16 4 1
github.com/UFFeScience/akoflow/internal/infrastructure/database/repository/resource_repository/resource_repository.go:131.16,133.3 1 0
github.com/UFFeScience/akoflow/internal/infrastructure/database/repository/resource_repository/resource_repository.go:134.2,136.18 3 1
github.com/UFFeScience/akoflow/internal/infrastructure/database/repository/resource_repository/resource_repository.go:136.18,138.17 2 1
github.com/UFFeScience/akoflow/internal/infrastructure/database/repository/resource_repository/resource_repository.go:138.17,140.4 1 0
github.com/UFFeScience/akoflow/internal/infrastructure/database/repository/resource_repository/resource_repository.go:141.3,141.43 1 1
github.com/UFFeScience/akoflow/internal/infrastructure/database/repository/resource_repository/resource_repository.go:143.2,143.30 1 1
github.com/UFFeScience/akoflow/internal/infrastructure/database/repository/resource_repository/resource_repository.go:146.111,148.2 1 1
github.com/UFFeScience/akoflow/internal/infrastructure/database/repository/resource_repository/resource_repository.go:150.102,152.2 1 1
github.com/UFFeScience/akoflow/internal/infrastructure/database/repository/resource_repository/resource_repository.go:154.85,158.16 4 1
github.com/UFFeScience/akoflow/internal/infrastructure/database/repository/resource_repository/resource_repository.go:158.16,160.3 1 1
github.com/UFFeScience/akoflow/internal/infrastructure/database/repository/resource_repository/resource_repository.go:161.2,168.12 2 1
github.com/UFFeScience/akoflow/internal/infrastructure/database/repository/resource_repository/resource_repository.go:171.98,185.26 6 1
github.com/UFFeScience/akoflow/internal/infrastructure/database/repository/resource_repository/resource_repository.go:185.26,187.3 1 1
github.com/UFFeScience/akoflow/internal/infrastructure/database/repository/resource_repository/resource_repository.go:188.2,188.16 1 1
github.com/UFFeScience/akoflow/internal/infrastructure/database/repository/resource_repository/resource_repository.go:188.16,190.3 1 0
github.com/UFFeScience/akoflow/internal/infrastructure/database/repository/resource_repository/resource_repository.go:191.2,191.20 1 1
github.com/UFFeScience/akoflow/internal/infrastructure/database/repository/resource_repository/resource_repository.go:191.20,192.78 1 1
github.com/UFFeScience/akoflow/internal/infrastructure/database/repository/resource_repository/resource_repository.go:192.78,194.4 1 0
github.com/UFFeScience/akoflow/internal/infrastructure/database/repository/resource_repository/resource_repository.go:196.2,196.23 1 1
github.com/UFFeScience/akoflow/internal/infrastructure/database/repository/storages_repository/storages_repository.go:22.36,27.40 4 1
github.com/UFFeScience/akoflow/internal/infrastructure/database/repository/storages_repository/storages_repository.go:27.40,29.3 1 0
github.com/UFFeScience/akoflow/internal/infrastructure/database/repository/storages_repository/storages_repository.go:31.2,33.3 1 1
github.com/UFFeScience/akoflow/internal/infrastructure/database/repository/storages_repository/storages_repository_create.go:10.76,16.65 4 1
github.com/UFFeScience/akoflow/internal/infrastructure/database/repository/storages_repository/storages_repository_create.go:16.65,33.17 2 1
github.com/UFFeScience/akoflow/internal/infrastructure/database/repository/storages_repository/storages_repository_create.go:33.17,35.4 1 0
github.com/UFFeScience/akoflow/internal/infrastructure/database/repository/storages_repository/storages_repository_create.go:37.2,37.12 1 1
github.com/UFFeScience/akoflow/internal/infrastructure/database/repository/storages_repository/storages_repository_find.go:12.82,16.2 3 1
github.com/UFFeScience/akoflow/internal/infrastructure/database/repository/storages_repository/storages_repository_find.go:18.65,24.26 5 1
github.com/UFFeScience/akoflow/internal/infrastructure/database/repository/storages_repository/storages_repository_find.go:24.26,26.3 1 1
github.com/UFFeScience/akoflow/internal/infrastructure/database/repository/storages_repository/storages_repository_find.go:27.2,27.20 1 1
github.com/UFFeScience/akoflow/internal/infrastructure/database/repository/storages_repository/storages_repository_find.go:30.85,36.16 5 1
github.com/UFFeScience/akoflow/internal/infrastructure/database/repository/storages_repository/storages_repository_find.go:36.16,38.3 1 0
github.com/UFFeScience/akoflow/internal/infrastructure/database/repository/storages_repository/storages_repository_find.go:39.2,42.18 3 1
github.com/UFFeScience/akoflow/internal/infrastructure/database/repository/storages_repository/storages_repository_find.go:42.18,44.17 2 1
github.com/UFFeScience/akoflow/internal/infrastructure/database/repository/storages_repository/storages_repository_find.go:44.17,46.4 1 0
github.com/UFFeScience/akoflow/internal/infrastructure/database/repository/storages_repository/storages_repository_find.go:47.3,47.38 1 1
github.com/UFFeScience/akoflow/internal/infrastructure/database/repository/storages_repository/storages_repository_find.go:49.2,49.29 1 1
github.com/UFFeScience/akoflow/internal/infrastructure/database/repository/storages_repository/storages_repository_find.go:52.91,58.16 5 1
github.com/UFFeScience/akoflow/internal/infrastructure/database/repository/storages_repository/storages_repository_find.go:58.16,60.3 1 0
github.com/UFFeScience/akoflow/internal/infrastructure/database/repository/storages_repository/storages_repository_find.go:61.2,65.18 3 1
github.com/UFFeScience/akoflow/internal/infrastructure/database/repository/storages_repository/storages_repository_find.go:65.18,67.17 2 1
github.com/UFFeScience/akoflow/internal/infrastructure/database/repository/storages_repository/storages_repository_find.go:67.17,69.4 1 0
github.com/UFFeScience/akoflow/internal/infrastructure/database/repository/storages_repository/storages_repository_find.go:71.3,71.38 1 1
github.com/UFFeScience/akoflow/internal/infrastructure/database/repository/storages_repository/storages_repository_find.go:74.2,74.29 1 1
github.com/UFFeScience/akoflow/internal/infrastructure/database/repository/storages_repository/storages_repository_update.go:13.76,19.74 4 1
github.com/UFFeScience/akoflow/internal/infrastructure/database/repository/storages_repository/storages_repository_update.go:19.74,21.3 1 1
github.com/UFFeScience/akoflow/internal/infrastructure/database/repository/storages_repository/storages_repository_update.go:23.2,24.12 2 1
github.com/UFFeScience/akoflow/internal/infrastructure/database/repository/storages_repository/storages_repository_update.go:28.94,36.16 5 1
github.com/UFFeScience/akoflow/internal/infrastructure/database/repository/storages_repository/storages_repository_update.go:36.16,38.3 1 0
github.com/UFFeScience/akoflow/internal/infrastructure/database/repository/storages_repository/storages_repository_update.go:40.2,40.12 1 1
github.com/UFFeScience/akoflow/internal/infrastructure/database/repository/storages_repository/storages_repository_update.go:43.90,51.16 5 1
github.com/UFFeScience/akoflow/internal/infrastructure/database/repository/storages_repository/storages_repository_update.go:51.16,53.3 1 0
github.com/UFFeScience/akoflow/internal/infrastructure/database/repository/storages_repository/storages_repository_update.go:55.2,55.12 1 1
github.com/UFFeScience/akoflow/internal/infrastructure/database/repository/storages_repository/storages_repository_update.go:58.90,66.16 5 1
github.com/UFFeScience/akoflow/internal/infrastructure/database/repository/storages_repository/storages_repository_update.go:66.16,68.3 1 0
github.com/UFFeScience/akoflow/internal/infrastructure/database/repository/storages_repository/storages_repository_update.go:70.2,70.12 1 1
github.com/UFFeScience/akoflow/internal/infrastructure/database/repository/storages_repository/storages_repository_update.go:73.86,80.16 5 1
github.com/UFFeScience/akoflow/internal/infrastructure/database/repository/storages_repository/storages_repository_update.go:80.16,82.3 1 0
github.com/UFFeScience/akoflow/internal/infrastructure/database/repository/storages_repository/storages_repository_update.go:84.2,84.12 1 1
github.com/UFFeScience/akoflow/internal/infrastructure/database/repository/storages_repository/storages_repository_update.go:87.66,96.16 6 1
github.com/UFFeScience/akoflow/internal/infrastructure/database/repository/storages_repository/storages_repository_update.go:96.16,98.3 1 0
github.com/UFFeScience/akoflow/internal/infrastructure/database/repository/storages_repository/storages_repository_update.go:100.2,100.12 1 1
github.com/UFFeScience/akoflow/internal/infrastructure/database/repository/workflow_repository/workflow_repository.go:20.37,27.16 4 1
github.com/UFFeScience/akoflow/internal/infrastructure/database/repository/workflow_repository/workflow_repository.go:27.16,30.3 2 0
github.com/UFFeScience/akoflow/internal/infrastructure/database/repository/workflow_repository/workflow_repository.go:32.2,33.16 2 1
github.com/UFFeScience/akoflow/internal/infrastructure/database/repository/workflow_repository/workflow_repository.go:33.16,36.3 2 0
github.com/UFFeScience/akoflow/internal/infrastructure/database/repository/workflow_repository/workflow_repository.go:38.2,38.50 1 1
github.com/UFFeScience/akoflow/internal/infrastructure/database/repository/workflow_repository/workflow_repository_create.go:8.103,26.16 6 1
github.com/UFFeScience/akoflow/internal/infrastructure/database/repository/workflow_repository/workflow_repository_create.go:26.16,28.3 1 0
github.com/UFFeScience/akoflow/internal/infrastructure/database/repository/workflow_repository/workflow_repository_create.go:29.2,32.16 3 1
github.com/UFFeScience/akoflow/internal/infrastructure/database/repository/workflow_repository/workflow_repository_create.go:32.16,34.3 1 0
github.com/UFFeScience/akoflow/internal/infrastructure/database/repository/workflow_repository/workflow_repository_create.go:36.2,36.29 1 1
github.com/UFFeScience/akoflow/internal/infrastructure/database/repository/workflow_repository/workflow_repository_find.go:8.85,20.16 7 1
github.com/UFFeScience/akoflow/internal/infrastructure/database/repository/workflow_repository/workflow_repository_find.go:20.16,22.3 1 1
github.com/UFFeScience/akoflow/internal/infrastructure/database/repository/workflow_repository/workflow_repository_find.go:24.2,25.16 2 1
github.com/UFFeScience/akoflow/internal/infrastructure/database/repository/workflow_repository/workflow_repository_find.go:25.16,27.3 1 0
github.com/UFFeScience/akoflow/internal/infrastructure/database/repository/workflow_repository/workflow_repository_find.go:29.2,29.16 1 1
github.com/UFFeScience/akoflow/internal/infrastructure/database/repository/workflow_repository/workflow_repository_get_pending_workflows.go:8.104,14.16 4 1
github.com/UFFeScience/akoflow/internal/infrastructure/database/repository/workflow_repository/workflow_repository_get_pending_workflows.go:14.16,16.3 1 0
github.com/UFFeScience/akoflow/internal/infrastructure/database/repository/workflow_repository/workflow_repository_get_pending_workflows.go:18.2,20.18 2 1
github.com/UFFeScience/akoflow/internal/infrastructure/database/repository/workflow_repository/workflow_repository_get_pending_workflows.go:20.18,23.17 3 1
github.com/UFFeScience/akoflow/internal/infrastructure/database/repository/workflow_repository/workflow_repository_get_pending_workflows.go:23.17,25.4 1 0
github.com/UFFeScience/akoflow/internal/infrastructure/database/repository/workflow_repository/workflow_repository_get_pending_workflows.go:27.3,28.36 2 1
github.com/UFFeScience/akoflow/internal/infrastructure/database/repository/workflow_repository/workflow_repository_get_pending_workflows.go:31.2,32.16 2 1
github.com/UFFeScience/akoflow/internal/infrastructure/database/repository/workflow_repository/workflow_repository_get_pending_workflows.go:32.16,34.3 1 0
github.com/UFFeScience/akoflow/internal/infrastructure/database/repository/workflow_repository/workflow_repository_get_pending_workflows.go:36.2,36.23 1 1
github.com/UFFeScience/akoflow/internal/infrastructure/database/repository/workflow_repository/workflow_repository_list_all_workflows.go:13.114,18.19 3 1
github.com/UFFeScience/akoflow/internal/infrastructure/database/repository/workflow_repository/workflow_repository_list_all_workflows.go:18.19,20.3 1 1
github.com/UFFeScience/akoflow/internal/infrastructure/database/repository/workflow_repository/workflow_repository_list_all_workflows.go:22.2,24.17 2 1
github.com/UFFeScience/akoflow/internal/infrastructure/database/repository/workflow_repository/workflow_repository_list_all_workflows.go:24.17,26.3 1 1
github.com/UFFeScience/akoflow/internal/infrastructure/database/repository/workflow_repository/workflow_repository_list_all_workflows.go:28.2,29.16 2 1
github.com/UFFeScience/akoflow/internal/infrastructure/database/repository/workflow_repository/workflow_repository_list_all_workflows.go:29.16,31.3 1 0
github.com/UFFeScience/akoflow/internal/infrastructure/database/repository/workflow_repository/workflow_repository_list_all_workflows.go:33.2,35.18 2 1
github.com/UFFeScience/akoflow/internal/infrastructure/database/repository/workflow_repository/workflow_repository_list_all_workflows.go:35.18,38.17 3 1
github.com/UFFeScience/akoflow/internal/infrastructure/database/repository/workflow_repository/workflow_repository_list_all_workflows.go:38.17,40.4 1 0
github.com/UFFeScience/akoflow/internal/infrastructure/database/repository/workflow_repository/workflow_repository_list_all_workflows.go:42.3,43.36 2 1
github.com/UFFeScience/akoflow/internal/infrastructure/database/repository/workflow_repository/workflow_repository_list_all_workflows.go:46.2,47.16 2 1
github.com/UFFeScience/akoflow/internal/infrastructure/database/repository/workflow_repository/workflow_repository_list_all_workflows.go:47.16,49.3 1 0
github.com/UFFeScience/akoflow/internal/infrastructure/database/repository/workflow_repository/workflow_repository_list_all_workflows.go:51.2,51.23 1 1
github.com/UFFeScience/akoflow/internal/infrastructure/database/repository/workflow_repository/workflow_repository_update_status.go:5.69,10.16 4 1
github.com/UFFeScience/akoflow/internal/infrastructure/database/repository/workflow_repository/workflow_repository_update_status.go:10.16,12.3 1 0
github.com/UFFeScience/akoflow/internal/infrastructure/database/repository/workflow_repository/workflow_repository_update_status.go:14.2,15.16 2 1
github.com/UFFeScience/akoflow/internal/infrastructure/database/repository/workflow_repository/workflow_repository_update_status.go:15.16,17.3 1 0
github.com/UFFeScience/akoflow/internal/infrastructure/database/repository/workflow_repository/workflow_repository_update_status.go:19.2,19.12 1 1
github.com/UFFeScience/akoflow/internal/infrastructure/database/schema/schema.go:393.30,395.16 2 1
github.com/UFFeScience/akoflow/internal/infrastructure/database/schema/schema.go:395.16,397.3 1 0
github.com/UFFeScience/akoflow/internal/infrastructure/database/schema/schema.go:398.2,400.62 2 1
github.com/UFFeScience/akoflow/internal/infrastructure/database/schema/schema.go:400.62,402.3 1 0
github.com/UFFeScience/akoflow/internal/infrastructure/database/schema/schema.go:403.2,403.39 1 1
github.com/UFFeScience/akoflow/internal/infrastructure/database/schema/schema.go:403.39,404.46 1 1
github.com/UFFeScience/akoflow/internal/infrastructure/database/schema/schema.go:404.46,406.4 1 0
github.com/UFFeScience/akoflow/internal/infrastructure/database/schema/schema.go:408.2,408.20 1 1
github.com/UFFeScience/akoflow/internal/infrastructure/kubernetes/connector/connector_k8s.go:90.31,98.2 1 1
github.com/UFFeScience/akoflow/internal/infrastructure/kubernetes/connector/connector_k8s.go:100.23,103.2 2 1
github.com/UFFeScience/akoflow/internal/infrastructure/kubernetes/connector/connector_k8s.go:105.102,107.2 1 1
github.com/UFFeScience/akoflow/internal/infrastructure/kubernetes/connector/connector_k8s.go:109.84,111.2 1 1
github.com/UFFeScience/akoflow/internal/infrastructure/kubernetes/connector/connector_k8s.go:113.84,115.2 1 1
github.com/UFFeScience/akoflow/internal/infrastructure/kubernetes/connector/connector_k8s.go:117.105,119.2 1 1
github.com/UFFeScience/akoflow/internal/infrastructure/kubernetes/connector/connector_k8s.go:121.96,123.2 1 1
github.com/UFFeScience/akoflow/internal/infrastructure/kubernetes/connector/connector_k8s.go:125.102,127.2 1 1
github.com/UFFeScience/akoflow/internal/infrastructure/kubernetes/connector/connector_k8s.go:129.105,131.2 1 1
github.com/UFFeScience/akoflow/internal/infrastructure/kubernetes/connector/connector_k8s.go:133.127,135.2 1 1
github.com/UFFeScience/akoflow/internal/infrastructure/kubernetes/connector/connector_k8s.go:137.83,139.2 1 1
github.com/UFFeScience/akoflow/internal/infrastructure/kubernetes/connector/connector_k8s.go:141.105,143.2 1 1
github.com/UFFeScience/akoflow/internal/infrastructure/kubernetes/connector/connector_k8s.go:145.92,147.2 1 1
github.com/UFFeScience/akoflow/internal/infrastructure/kubernetes/connector/connector_k8s.go:149.114,151.2 1 1
github.com/UFFeScience/akoflow/internal/infrastructure/kubernetes/connector/connector_k8s.go:153.108,155.2 1 1
github.com/UFFeScience/akoflow/internal/infrastructure/kubernetes/connector/connector_k8s.go:157.92,159.2 1 1
github.com/UFFeScience/akoflow/internal/infrastructure/kubernetes/connector/connector_k8s.go:161.91,163.2 1 1
github.com/UFFeScience/akoflow/internal/infrastructure/kubernetes/connector/connector_healthz/connector_healthz.go:18.61,22.2 1 1
github.com/UFFeScience/akoflow/internal/infrastructure/kubernetes/connector/connector_healthz/connector_healthz.go:25.31,33.2 1 1
github.com/UFFeScience/akoflow/internal/infrastructure/kubernetes/connector/connector_healthz/connector_healthz.go:41.52,47.16 3 1
github.com/UFFeScience/akoflow/internal/infrastructure/kubernetes/connector/connector_healthz/connector_healthz.go:47.16,52.3 1 0
github.com/UFFeScience/akoflow/internal/infrastructure/kubernetes/connector/connector_healthz/connector_healthz.go:55.2,59.16 3 1
github.com/UFFeScience/akoflow/internal/infrastructure/kubernetes/connector/connector_healthz/connector_healthz.go:59.16,64.3 1 1
github.com/UFFeScience/akoflow/internal/infrastructure/kubernetes/connector/connector_healthz/connector_healthz.go:65.2,71.3 2 1
github.com/UFFeScience/akoflow/internal/infrastructure/kubernetes/connector/connector_cluster_role/connector_cluster_role.go:24.65,29.2 1 1
github.com/UFFeScience/akoflow/internal/infrastructure/kubernetes/connector/connector_cluster_role/connector_cluster_role.go:31.31,39.2 1 1
github.com/UFFeScience/akoflow/internal/infrastructure/kubernetes/connector/connector_cluster_role/connector_cluster_role.go:47.117,52.16 4 1
github.com/UFFeScience/akoflow/internal/infrastructure/kubernetes/connector/connector_cluster_role/connector_cluster_role.go:52.16,58.3 2 0
github.com/UFFeScience/akoflow/internal/infrastructure/kubernetes/connector/connector_cluster_role/connector_cluster_role.go:60.2,61.16 2 1
github.com/UFFeScience/akoflow/internal/infrastructure/kubernetes/connector/connector_cluster_role/connector_cluster_role.go:61.16,67.3 2 0
github.com/UFFeScience/akoflow/internal/infrastructure/kubernetes/connector/connector_cluster_role/connector_cluster_role.go:69.2,73.16 4 1
github.com/UFFeScience/akoflow/internal/infrastructure/kubernetes/connector/connector_cluster_role/connector_cluster_role.go:73.16,79.3 2 1
github.com/UFFeScience/akoflow/internal/infrastructure/kubernetes/connector/connector_cluster_role/connector_cluster_role.go:80.2,82.43 2 1
github.com/UFFeScience/akoflow/internal/infrastructure/kubernetes/connector/connector_cluster_role/connector_cluster_role.go:82.43,90.3 4 1
github.com/UFFeScience/akoflow/internal/infrastructure/kubernetes/connector/connector_cluster_role/connector_cluster_role.go:92.2,94.16 3 1
github.com/UFFeScience/akoflow/internal/infrastructure/kubernetes/connector/connector_cluster_role/connector_cluster_role.go:94.16,100.3 2 1
github.com/UFFeScience/akoflow/internal/infrastructure/kubernetes/connector/connector_cluster_role/connector_cluster_role.go:102.2,106.3 1 1
github.com/UFFeScience/akoflow/internal/infrastructure/kubernetes/connector/connector_namespace_k8s/connector_namespace_k8s.go:24.63,29.2 1 1
github.com/UFFeScience/akoflow/internal/infrastructure/kubernetes/connector/connector_namespace_k8s/connector_namespace_k8s.go:30.31,38.2 1 1
github.com/UFFeScience/akoflow/internal/infrastructure/kubernetes/connector/connector_namespace_k8s/connector_namespace_k8s.go:40.49,42.23 1 0
github.com/UFFeScience/akoflow/internal/infrastructure/kubernetes/connector/connector_namespace_k8s/connector_namespace_k8s.go:92.94,101.16 6 1
github.com/UFFeScience/akoflow/internal/infrastructure/kubernetes/connector/connector_namespace_k8s/connector_namespace_k8s.go:101.16,103.3 1 1
github.com/UFFeScience/akoflow/internal/infrastructure/kubernetes/connector/connector_namespace_k8s/connector_namespace_k8s.go:105.2,110.16 4 1
github.com/UFFeScience/akoflow/internal/infrastructure/kubernetes/connector/connector_namespace_k8s/connector_namespace_k8s.go:110.16,112.3 1 1
github.com/UFFeScience/akoflow/internal/infrastructure/kubernetes/connector/connector_namespace_k8s/connector_namespace_k8s.go:114.2,114.20 1 1
github.com/UFFeScience/akoflow/internal/infrastructure/kubernetes/connector/connector_namespace_k8s/connector_namespace_k8s.go:156.100,168.16 8 1
github.com/UFFeScience/akoflow/internal/infrastructure/kubernetes/connector/connector_namespace_k8s/connector_namespace_k8s.go:168.16,170.3 1 0
github.com/UFFeScience/akoflow/internal/infrastructure/kubernetes/connector/connector_namespace_k8s/connector_namespace_k8s.go:172.2,177.16 4 1
github.com/UFFeScience/akoflow/internal/infrastructure/kubernetes/connector/connector_namespace_k8s/connector_namespace_k8s.go:177.16,179.3 1 1
github.com/UFFeScience/akoflow/internal/infrastructure/kubernetes/connector/connector_namespace_k8s/connector_namespace_k8s.go:181.2,181.20 1 1
github.com/UFFeScience/akoflow/internal/infrastructure/kubernetes/connector/connector_job_k8s/connector_job_k8s.go:30.57,35.2 1 1
github.com/UFFeScience/akoflow/internal/infrastructure/kubernetes/connector/connector_job_k8s/connector_job_k8s.go:36.31,44.2 1 1
github.com/UFFeScience/akoflow/internal/infrastructure/kubernetes/connector/connector_job_k8s/connector_job_k8s.go:46.37,48.23 1 0
github.com/UFFeScience/akoflow/internal/infrastructure/kubernetes/connector/connector_job_k8s/connector_job_k8s.go:51.93,65.16 9 1
github.com/UFFeScience/akoflow/internal/infrastructure/kubernetes/connector/connector_job_k8s/connector_job_k8s.go:65.16,67.3 1 1
github.com/UFFeScience/akoflow/internal/infrastructure/kubernetes/connector/connector_job_k8s/connector_job_k8s.go:69.2,69.28 1 1
github.com/UFFeScience/akoflow/internal/infrastructure/kubernetes/connector/connector_job_k8s/connector_job_k8s.go:69.28,74.3 4 1
github.com/UFFeScience/akoflow/internal/infrastructure/kubernetes/connector/connector_job_k8s/connector_job_k8s.go:76.2,83.16 6 1
github.com/UFFeScience/akoflow/internal/infrastructure/kubernetes/connector/connector_job_k8s/connector_job_k8s.go:83.16,85.3 1 0
github.com/UFFeScience/akoflow/internal/infrastructure/kubernetes/connector/connector_job_k8s/connector_job_k8s.go:87.2,87.15 1 1
github.com/UFFeScience/akoflow/internal/infrastructure/kubernetes/connector/connector_job_k8s/connector_job_k8s.go:252.92,261.17 6 1
github.com/UFFeScience/akoflow/internal/infrastructure/kubernetes/connector/connector_job_k8s/connector_job_k8s.go:261.17,263.3 1 1
github.com/UFFeScience/akoflow/internal/infrastructure/kubernetes/connector/connector_job_k8s/connector_job_k8s.go:265.2,265.28 1 1
github.com/UFFeScience/akoflow/internal/infrastructure/kubernetes/connector/connector_job_k8s/connector_job_k8s.go:265.28,267.3 1 1
github.com/UFFeScience/akoflow/internal/infrastructure/kubernetes/connector/connector_job_k8s/connector_job_k8s.go:269.2,269.16 1 1
github.com/UFFeScience/akoflow/internal/infrastructure/kubernetes/connector/connector_job_k8s/connector_job_k8s.go:269.16,271.3 1 0
github.com/UFFeScience/akoflow/internal/infrastructure/kubernetes/connector/connector_job_k8s/connector_job_k8s.go:273.2,278.16 4 1
github.com/UFFeScience/akoflow/internal/infrastructure/kubernetes/connector/connector_job_k8s/connector_job_k8s.go:278.16,280.3 1 1
github.com/UFFeScience/akoflow/internal/infrastructure/kubernetes/connector/connector_job_k8s/connector_job_k8s.go:282.2,282.20 1 1
github.com/UFFeScience/akoflow/internal/infrastructure/kubernetes/connector/connector_job_k8s/connector_job_k8s.go:285.77,294.16 6 1
github.com/UFFeScience/akoflow/internal/infrastructure/kubernetes/connector/connector_job_k8s/connector_job_k8s.go:294.16,296.3 1 0
github.com/UFFeScience/akoflow/internal/infrastructure/kubernetes/connector/connector_job_k8s/connector_job_k8s.go:298.2,298.28 1 1
github.com/UFFeScience/akoflow/internal/infrastructure/kubernetes/connector/connector_job_k8s/connector_job_k8s.go:298.28,300.3 1 1
github.com/UFFeScience/akoflow/internal/infrastructure/kubernetes/connector/connector_job_k8s/connector_job_k8s.go:302.2,302.12 1 1
github.com/UFFeScience/akoflow/internal/infrastructure/kubernetes/connector/connector_deployment_k8s/connector_deployment_k8s.go:28.64,33.2 1 1
github.com/UFFeScience/akoflow/internal/infrastructure/kubernetes/connector/connector_deployment_k8s/connector_deployment_k8s.go:35.31,43.2 1 1
github.com/UFFeScience/akoflow/internal/infrastructure/kubernetes/connector/connector_deployment_k8s/connector_deployment_k8s.go:74.89,79.16 4 1
github.com/UFFeScience/akoflow/internal/infrastructure/kubernetes/connector/connector_deployment_k8s/connector_deployment_k8s.go:79.16,85.3 2 1
github.com/UFFeScience/akoflow/internal/infrastructure/kubernetes/connector/connector_deployment_k8s/connector_deployment_k8s.go:87.2,91.16 4 1
github.com/UFFeScience/akoflow/internal/infrastructure/kubernetes/connector/connector_deployment_k8s/connector_deployment_k8s.go:91.16,97.3 2 1
github.com/UFFeScience/akoflow/internal/infrastructure/kubernetes/connector/connector_deployment_k8s/connector_deployment_k8s.go:98.2,100.38 2 1
github.com/UFFeScience/akoflow/internal/infrastructure/kubernetes/connector/connector_deployment_k8s/connector_deployment_k8s.go:100.38,108.3 4 1
github.com/UFFeScience/akoflow/internal/infrastructure/kubernetes/connector/connector_deployment_k8s/connector_deployment_k8s.go:110.2,112.16 3 1
github.com/UFFeScience/akoflow/internal/infrastructure/kubernetes/connector/connector_deployment_k8s/connector_deployment_k8s.go:112.16,118.3 2 1
github.com/UFFeScience/akoflow/internal/infrastructure/kubernetes/connector/connector_deployment_k8s/connector_deployment_k8s.go:120.2,124.3 1 1
github.com/UFFeScience/akoflow/internal/infrastructure/kubernetes/connector/connector_deployment_k8s/connector_deployment_k8s.go:127.102,133.16 5 1
github.com/UFFeScience/akoflow/internal/infrastructure/kubernetes/connector/connector_deployment_k8s/connector_deployment_k8s.go:133.16,139.3 2 1
github.com/UFFeScience/akoflow/internal/infrastructure/kubernetes/connector/connector_deployment_k8s/connector_deployment_k8s.go:141.2,145.16 4 1
github.com/UFFeScience/akoflow/internal/infrastructure/kubernetes/connector/connector_deployment_k8s/connector_deployment_k8s.go:145.16,151.3 2 0
github.com/UFFeScience/akoflow/internal/infrastructure/kubernetes/connector/connector_deployment_k8s/connector_deployment_k8s.go:152.2,154.38 2 1
github.com/UFFeScience/akoflow/internal/infrastructure/kubernetes/connector/connector_deployment_k8s/connector_deployment_k8s.go:154.38,162.3 4 1
github.com/UFFeScience/akoflow/internal/infrastructure/kubernetes/connector/connector_deployment_k8s/connector_deployment_k8s.go:164.2,166.16 3 1
github.com/UFFeScience/akoflow/internal/infrastructure/kubernetes/connector/connector_deployment_k8s/connector_deployment_k8s.go:166.16,172.3 2 0
github.com/UFFeScience/akoflow/internal/infrastructure/kubernetes/connector/connector_deployment_k8s/connector_deployment_k8s.go:174.2,178.3 1 1
github.com/UFFeScience/akoflow/internal/infrastructure/kubernetes/connector/connector_deployment_k8s/connector_deployment_k8s.go:181.115,186.16 4 1
github.com/UFFeScience/akoflow/internal/infrastructure/kubernetes/connector/connector_deployment_k8s/connector_deployment_k8s.go:186.16,192.3 2 0
github.com/UFFeScience/akoflow/internal/infrastructure/kubernetes/connector/connector_deployment_k8s/connector_deployment_k8s.go:194.2,195.16 2 1
github.com/UFFeScience/akoflow/internal/infrastructure/kubernetes/connector/connector_deployment_k8s/connector_deployment_k8s.go:195.16,201.3 2 0
github.com/UFFeScience/akoflow/internal/infrastructure/kubernetes/connector/connector_deployment_k8s/connector_deployment_k8s.go:203.2,207.16 4 1
github.com/UFFeScience/akoflow/internal/infrastructure/kubernetes/connector/connector_deployment_k8s/connector_deployment_k8s.go:207.16,213.3 2 0
github.com/UFFeScience/akoflow/internal/infrastructure/kubernetes/connector/connector_deployment_k8s/connector_deployment_k8s.go:214.2,216.43 2 1
github.com/UFFeScience/akoflow/internal/infrastructure/kubernetes/connector/connector_deployment_k8s/connector_deployment_k8s.go:216.43,224.3 4 1
github.com/UFFeScience/akoflow/internal/infrastructure/kubernetes/connector/connector_deployment_k8s/connector_deployment_k8s.go:226.2,228.16 3 1
github.com/UFFeScience/akoflow/internal/infrastructure/kubernetes/connector/connector_deployment_k8s/connector_deployment_k8s.go:228.16,234.3 2 0
github.com/UFFeScience/akoflow/internal/infrastructure/kubernetes/connector/connector_deployment_k8s/connector_deployment_k8s.go:236.2,240.3 1 1
github.com/UFFeScience/akoflow/internal/infrastructure/kubernetes/connector/connector_deployment_k8s/connector_deployment_k8s.go:243.115,248.16 4 1
github.com/UFFeScience/akoflow/internal/infrastructure/kubernetes/connector/connector_deployment_k8s/connector_deployment_k8s.go:248.16,254.3 2 0
github.com/UFFeScience/akoflow/internal/infrastructure/kubernetes/connector/connector_deployment_k8s/connector_deployment_k8s.go:256.2,257.16 2 1
github.com/UFFeScience/akoflow/internal/infrastructure/kubernetes/connector/connector_deployment_k8s/connector_deployment_k8s.go:257.16,263.3 2 0
github.com/UFFeScience/akoflow/internal/infrastructure/kubernetes/connector/connector_deployment_k8s/connector_deployment_k8s.go:265.2,269.16 4 1
github.com/UFFeScience/akoflow/internal/infrastructure/kubernetes/connector/connector_deployment_k8s/connector_deployment_k8s.go:269.16,275.3 2 0
github.com/UFFeScience/akoflow/internal/infrastructure/kubernetes/connector/connector_deployment_k8s/connector_deployment_k8s.go:276.2,278.38 2 1
github.com/UFFeScience/akoflow/internal/infrastructure/kubernetes/connector/connector_deployment_k8s/connector_deployment_k8s.go:278.38,286.3 4 1
github.com/UFFeScience/akoflow/internal/infrastructure/kubernetes/connector/connector_deployment_k8s/connector_deployment_k8s.go:288.2,290.16 3 1
github.com/UFFeScience/akoflow/internal/infrastructure/kubernetes/connector/connector_deployment_k8s/connector_deployment_k8s.go:290.16,296.3 2 0
github.com/UFFeScience/akoflow/internal/infrastructure/kubernetes/connector/connector_deployment_k8s/connector_deployment_k8s.go:298.2,302.3 1 1
github.com/UFFeScience/akoflow/internal/infrastructure/kubernetes/connector/connector_deployment_k8s/connector_deployment_k8s.go:305.98,310.16 4 1
github.com/UFFeScience/akoflow/internal/infrastructure/kubernetes/connector/connector_deployment_k8s/connector_deployment_k8s.go:310.16,316.3 2 1
github.com/UFFeScience/akoflow/internal/infrastructure/kubernetes/connector/connector_deployment_k8s/connector_deployment_k8s.go:318.2,322.16 4 1
github.com/UFFeScience/akoflow/internal/infrastructure/kubernetes/connector/connector_deployment_k8s/connector_deployment_k8s.go:322.16,328.3 2 0
github.com/UFFeScience/akoflow/internal/infrastructure/kubernetes/connector/connector_deployment_k8s/connector_deployment_k8s.go:329.2,331.81 2 1
github.com/UFFeScience/akoflow/internal/infrastructure/kubernetes/connector/connector_deployment_k8s/connector_deployment_k8s.go:331.81,339.3 4 1
github.com/UFFeScience/akoflow/internal/infrastructure/kubernetes/connector/connector_deployment_k8s/connector_deployment_k8s.go:341.2,344.3 1 1
github.com/UFFeScience/akoflow/internal/infrastructure/kubernetes/connector/connector_node_k8s/connector_node.go:20.61,25.2 1 1
github.com/UFFeScience/akoflow/internal/infrastructure/kubernetes/connector/connector_node_k8s/connector_node.go:27.31,35.2 1 1
github.com/UFFeScience/akoflow/internal/infrastructure/kubernetes/connector/connector_node_k8s/connector_node.go:49.35,51.18 2 1
github.com/UFFeScience/akoflow/internal/infrastructure/kubernetes/connector/connector_node_k8s/connector_node.go:51.18,53.3 1 0
github.com/UFFeScience/akoflow/internal/infrastructure/kubernetes/connector/connector_node_k8s/connector_node.go:54.2,55.61 2 1
github.com/UFFeScience/akoflow/internal/infrastructure/kubernetes/connector/connector_node_k8s/connector_node.go:55.61,57.3 1 1
github.com/UFFeScience/akoflow/internal/infrastructure/kubernetes/connector/connector_node_k8s/connector_node.go:58.2,58.12 1 1
github.com/UFFeScience/akoflow/internal/infrastructure/kubernetes/connector/connector_node_k8s/connector_node.go:61.42,63.21 2 1
github.com/UFFeScience/akoflow/internal/infrastructure/kubernetes/connector/connector_node_k8s/connector_node.go:63.21,65.3 1 0
github.com/UFFeScience/akoflow/internal/infrastructure/kubernetes/connector/connector_node_k8s/connector_node.go:66.2,66.64 1 1
github.com/UFFeScience/akoflow/internal/infrastructure/kubernetes/connector/connector_node_k8s/connector_node.go:66.64,68.3 1 1
github.com/UFFeScience/akoflow/internal/infrastructure/kubernetes/connector/connector_node_k8s/connector_node.go:69.2,70.67 2 1
github.com/UFFeScience/akoflow/internal/infrastructure/kubernetes/connector/connector_node_k8s/connector_node.go:70.67,72.3 1 1
github.com/UFFeScience/akoflow/internal/infrastructure/kubernetes/connector/connector_node_k8s/connector_node.go:73.2,73.24 1 1
github.com/UFFeScience/akoflow/internal/infrastructure/kubernetes/connector/connector_node_k8s/connector_node.go:76.43,78.22 2 1
github.com/UFFeScience/akoflow/internal/infrastructure/kubernetes/connector/connector_node_k8s/connector_node.go:78.22,80.3 1 0
github.com/UFFeScience/akoflow/internal/infrastructure/kubernetes/connector/connector_node_k8s/connector_node.go:81.2,82.69 2 1
github.com/UFFeScience/akoflow/internal/infrastructure/kubernetes/connector/connector_node_k8s/connector_node.go:82.69,84.3 1 1
github.com/UFFeScience/akoflow/internal/infrastructure/kubernetes/connector/connector_node_k8s/connector_node.go:85.2,85.16 1 1
github.com/UFFeScience/akoflow/internal/infrastructure/kubernetes/connector/connector_node_k8s/connector_node.go:94.64,99.16 3 1
github.com/UFFeScience/akoflow/internal/infrastructure/kubernetes/connector/connector_node_k8s/connector_node.go:99.16,104.3 1 0
github.com/UFFeScience/akoflow/internal/infrastructure/kubernetes/connector/connector_node_k8s/connector_node.go:106.2,109.16 3 1
github.com/UFFeScience/akoflow/internal/infrastructure/kubernetes/connector/connector_node_k8s/connector_node.go:109.16,114.3 1 1
github.com/UFFeScience/akoflow/internal/infrastructure/kubernetes/connector/connector_node_k8s/connector_node.go:116.2,117.38 2 1
github.com/UFFeScience/akoflow/internal/infrastructure/kubernetes/connector/connector_node_k8s/connector_node.go:117.38,122.3 1 1
github.com/UFFeScience/akoflow/internal/infrastructure/kubernetes/connector/connector_node_k8s/connector_node.go:124.2,126.65 2 1
github.com/UFFeScience/akoflow/internal/infrastructure/kubernetes/connector/connector_node_k8s/connector_node.go:126.65,131.3 1 1
github.com/UFFeScience/akoflow/internal/infrastructure/kubernetes/connector/connector_node_k8s/connector_node.go:133.2,134.78 2 1
github.com/UFFeScience/akoflow/internal/infrastructure/kubernetes/connector/connector_node_k8s/connector_node.go:134.78,154.3 8 1
github.com/UFFeScience/akoflow/internal/infrastructure/kubernetes/connector/connector_node_k8s/connector_node.go:156.2,160.3 1 1
github.com/UFFeScience/akoflow/internal/infrastructure/kubernetes/connector/connector_metrics_k8s/connector_metrics_k8s.go:25.61,30.2 1 1
github.com/UFFeScience/akoflow/internal/infrastructure/kubernetes/connector/connector_metrics_k8s/connector_metrics_k8s.go:32.31,40.2 1 1
github.com/UFFeScience/akoflow/internal/infrastructure/kubernetes/connector/connector_metrics_k8s/connector_metrics_k8s.go:42.44,44.23 1 0
github.com/UFFeScience/akoflow/internal/infrastructure/kubernetes/connector/connector_metrics_k8s/connector_metrics_k8s.go:78.62,81.28 2 1
github.com/UFFeScience/akoflow/internal/infrastructure/kubernetes/connector/connector_metrics_k8s/connector_metrics_k8s.go:81.28,83.3 1 1
github.com/UFFeScience/akoflow/internal/infrastructure/kubernetes/connector/connector_metrics_k8s/connector_metrics_k8s.go:85.2,91.21 5 1
github.com/UFFeScience/akoflow/internal/infrastructure/kubernetes/connector/connector_metrics_k8s/connector_metrics_k8s.go:94.110,103.16 6 1
github.com/UFFeScience/akoflow/internal/infrastructure/kubernetes/connector/connector_metrics_k8s/connector_metrics_k8s.go:103.16,105.3 1 1
github.com/UFFeScience/akoflow/internal/infrastructure/kubernetes/connector/connector_metrics_k8s/connector_metrics_k8s.go:107.2,107.28 1 1
github.com/UFFeScience/akoflow/internal/infrastructure/kubernetes/connector/connector_metrics_k8s/connector_metrics_k8s.go:107.28,109.3 1 1
github.com/UFFeScience/akoflow/internal/infrastructure/kubernetes/connector/connector_metrics_k8s/connector_metrics_k8s.go:111.2,117.16 4 1
github.com/UFFeScience/akoflow/internal/infrastructure/kubernetes/connector/connector_metrics_k8s/connector_metrics_k8s.go:117.16,119.3 1 0
github.com/UFFeScience/akoflow/internal/infrastructure/kubernetes/connector/connector_metrics_k8s/connector_metrics_k8s.go:121.2,121.20 1 1
github.com/UFFeScience/akoflow/internal/infrastructure/kubernetes/connector/connector_metrics_k8s/connector_metrics_k8s.go:131.74,139.16 6 1
github.com/UFFeScience/akoflow/internal/infrastructure/kubernetes/connector/connector_metrics_k8s/connector_metrics_k8s.go:139.16,141.3 1 0
github.com/UFFeScience/akoflow/internal/infrastructure/kubernetes/connector/connector_metrics_k8s/connector_metrics_k8s.go:142.2,144.28 2 1
github.com/UFFeScience/akoflow/internal/infrastructure/kubernetes/connector/connector_metrics_k8s/connector_metrics_k8s.go:144.28,146.3 1 1
github.com/UFFeScience/akoflow/internal/infrastructure/kubernetes/connector/connector_metrics_k8s/connector_metrics_k8s.go:149.2,161.64 2 1
github.com/UFFeScience/akoflow/internal/infrastructure/kubernetes/connector/connector_metrics_k8s/connector_metrics_k8s.go:161.64,163.3 1 1
github.com/UFFeScience/akoflow/internal/infrastructure/kubernetes/connector/connector_metrics_k8s/connector_metrics_k8s.go:166.2,167.33 2 1
github.com/UFFeScience/akoflow/internal/infrastructure/kubernetes/connector/connector_metrics_k8s/connector_metrics_k8s.go:167.33,173.3 1 0
github.com/UFFeScience/akoflow/internal/infrastructure/kubernetes/connector/connector_metrics_k8s/connector_metrics_k8s.go:175.2,175.21 1 1
github.com/UFFeScience/akoflow/internal/infrastructure/kubernetes/connector/connector_metrics_k8s/connector_metrics_k8s.go:178.47,182.2 3 0
github.com/UFFeScience/akoflow/internal/infrastructure/kubernetes/connector/connector_metrics_k8s/connector_metrics_k8s.go:183.50,187.2 3 0
github.com/UFFeScience/akoflow/internal/infrastructure/kubernetes/connector/connector_cluster_role_binding/connector_cluster_role_binding.go:24.72,29.2 1 1
github.com/UFFeScience/akoflow/internal/infrastructure/kubernetes/connector/connector_cluster_role_binding/connector_cluster_role_binding.go:31.31,39.2 1 1
github.com/UFFeScience/akoflow/internal/infrastructure/kubernetes/connector/connector_cluster_role_binding/connector_cluster_role_binding.go:47.152,52.16 4 1
github.com/UFFeScience/akoflow/internal/infrastructure/kubernetes/connector/connector_cluster_role_binding/connector_cluster_role_binding.go:52.16,58.3 2 0
github.com/UFFeScience/akoflow/internal/infrastructure/kubernetes/connector/connector_cluster_role_binding/connector_cluster_role_binding.go:60.2,61.16 2 1
github.com/UFFeScience/akoflow/internal/infrastructure/kubernetes/connector/connector_cluster_role_binding/connector_cluster_role_binding.go:61.16,67.3 2 0
github.com/UFFeScience/akoflow/internal/infrastructure/kubernetes/connector/connector_cluster_role_binding/connector_cluster_role_binding.go:69.2,73.16 4 1
github.com/UFFeScience/akoflow/internal/infrastructure/kubernetes/connector/connector_cluster_role_binding/connector_cluster_role_binding.go:73.16,79.3 2 1
github.com/UFFeScience/akoflow/internal/infrastructure/kubernetes/connector/connector_cluster_role_binding/connector_cluster_role_binding.go:80.2,82.43 2 1
github.com/UFFeScience/akoflow/internal/infrastructure/kubernetes/connector/connector_cluster_role_binding/connector_cluster_role_binding.go:82.43,90.3 4 1
github.com/UFFeScience/akoflow/internal/infrastructure/kubernetes/connector/connector_cluster_role_binding/connector_cluster_role_binding.go:92.2,94.16 3 1
github.com/UFFeScience/akoflow/internal/infrastructure/kubernetes/connector/connector_cluster_role_binding/connector_cluster_role_binding.go:94.16,100.3 2 1
github.com/UFFeScience/akoflow/internal/infrastructure/kubernetes/connector/connector_cluster_role_binding/connector_cluster_role_binding.go:102.2,106.3 1 1
github.com/UFFeScience/akoflow/internal/infrastructure/kubernetes/connector/connector_pod_k8s/connector_pod_k8s.go:26.57,31.2 1 1
github.com/UFFeScience/akoflow/internal/infrastructure/kubernetes/connector/connector_pod_k8s/connector_pod_k8s.go:33.31,41.2 1 1
github.com/UFFeScience/akoflow/internal/infrastructure/kubernetes/connector/connector_pod_k8s/connector_pod_k8s.go:43.37,45.23 1 0
github.com/UFFeScience/akoflow/internal/infrastructure/kubernetes/connector/connector_pod_k8s/connector_pod_k8s.go:305.102,314.16 6 1
github.com/UFFeScience/akoflow/internal/infrastructure/kubernetes/connector/connector_pod_k8s/connector_pod_k8s.go:314.16,316.3 1 0
github.com/UFFeScience/akoflow/internal/infrastructure/kubernetes/connector/connector_pod_k8s/connector_pod_k8s.go:318.2,323.16 4 1
github.com/UFFeScience/akoflow/internal/infrastructure/kubernetes/connector/connector_pod_k8s/connector_pod_k8s.go:323.16,325.3 1 1
github.com/UFFeScience/akoflow/internal/infrastructure/kubernetes/connector/connector_pod_k8s/connector_pod_k8s.go:327.2,327.20 1 1
github.com/UFFeScience/akoflow/internal/infrastructure/kubernetes/connector/connector_pod_k8s/connector_pod_k8s.go:329.59,330.23 1 1
github.com/UFFeScience/akoflow/internal/infrastructure/kubernetes/connector/connector_pod_k8s/connector_pod_k8s.go:330.23,333.3 1 1
github.com/UFFeScience/akoflow/internal/infrastructure/kubernetes/connector/connector_pod_k8s/connector_pod_k8s.go:335.2,335.38 1 1
github.com/UFFeScience/akoflow/internal/infrastructure/kubernetes/connector/connector_pod_k8s/connector_pod_k8s.go:338.88,348.16 6 1
github.com/UFFeScience/akoflow/internal/infrastructure/kubernetes/connector/connector_pod_k8s/connector_pod_k8s.go:348.16,350.3 1 1
github.com/UFFeScience/akoflow/internal/infrastructure/kubernetes/connector/connector_pod_k8s/connector_pod_k8s.go:352.2,358.26 4 1
github.com/UFFeScience/akoflow/internal/infrastructure/kubernetes/connector/connector_pod_k8s/connector_pod_k8s.go:361.77,370.16 6 1
github.com/UFFeScience/akoflow/internal/infrastructure/kubernetes/connector/connector_pod_k8s/connector_pod_k8s.go:370.16,372.3 1 0
github.com/UFFeScience/akoflow/internal/infrastructure/kubernetes/connector/connector_pod_k8s/connector_pod_k8s.go:374.2,374.28 1 1
github.com/UFFeScience/akoflow/internal/infrastructure/kubernetes/connector/connector_pod_k8s/connector_pod_k8s.go:374.28,376.3 1 1
github.com/UFFeScience/akoflow/internal/infrastructure/kubernetes/connector/connector_pod_k8s/connector_pod_k8s.go:378.2,378.12 1 1
github.com/UFFeScience/akoflow/internal/infrastructure/kubernetes/connector/connector_pvc_k8s/connector_pvc_k8s.go:20.57,25.2 1 1
github.com/UFFeScience/akoflow/internal/infrastructure/kubernetes/connector/connector_pvc_k8s/connector_pvc_k8s.go:27.31,35.2 1 1
github.com/UFFeScience/akoflow/internal/infrastructure/kubernetes/connector/connector_pvc_k8s/connector_pvc_k8s.go:45.98,53.16 6 1
github.com/UFFeScience/akoflow/internal/infrastructure/kubernetes/connector/connector_pvc_k8s/connector_pvc_k8s.go:53.16,55.3 1 0
github.com/UFFeScience/akoflow/internal/infrastructure/kubernetes/connector/connector_pvc_k8s/connector_pvc_k8s.go:56.2,58.38 2 1
github.com/UFFeScience/akoflow/internal/infrastructure/kubernetes/connector/connector_pvc_k8s/connector_pvc_k8s.go:58.38,62.3 3 1
github.com/UFFeScience/akoflow/internal/infrastructure/kubernetes/connector/connector_pvc_k8s/connector_pvc_k8s.go:64.2,66.16 3 1
github.com/UFFeScience/akoflow/internal/infrastructure/kubernetes/connector/connector_pvc_k8s/connector_pvc_k8s.go:66.16,68.3 1 1
github.com/UFFeScience/akoflow/internal/infrastructure/kubernetes/connector/connector_pvc_k8s/connector_pvc_k8s.go:70.2,70.18 1 1
github.com/UFFeScience/akoflow/internal/infrastructure/kubernetes/connector/connector_pvc_k8s/connector_pvc_k8s.go:142.176,165.16 17 1
github.com/UFFeScience/akoflow/internal/infrastructure/kubernetes/connector/connector_pvc_k8s/connector_pvc_k8s.go:165.16,167.3 1 0
github.com/UFFeScience/akoflow/internal/infrastructure/kubernetes/connector/connector_pvc_k8s/connector_pvc_k8s.go:169.2,169.28 1 1
github.com/UFFeScience/akoflow/internal/infrastructure/kubernetes/connector/connector_pvc_k8s/connector_pvc_k8s.go:169.28,176.3 4 1
github.com/UFFeScience/akoflow/internal/infrastructure/kubernetes/connector/connector_pvc_k8s/connector_pvc_k8s.go:178.2,183.16 4 1
github.com/UFFeScience/akoflow/internal/infrastructure/kubernetes/connector/connector_pvc_k8s/connector_pvc_k8s.go:183.16,185.3 1 0
github.com/UFFeScience/akoflow/internal/infrastructure/kubernetes/connector/connector_pvc_k8s/connector_pvc_k8s.go:187.2,187.20 1 1
github.com/UFFeScience/akoflow/internal/infrastructure/kubernetes/connector/connector_pvc_k8s/connector_pvc_k8s.go:283.125,292.16 6 1
github.com/UFFeScience/akoflow/internal/infrastructure/kubernetes/connector/connector_pvc_k8s/connector_pvc_k8s.go:292.16,294.3 1 1
github.com/UFFeScience/akoflow/internal/infrastructure/kubernetes/connector/connector_pvc_k8s/connector_pvc_k8s.go:296.2,301.16 4 1
github.com/UFFeScience/akoflow/internal/infrastructure/kubernetes/connector/connector_pvc_k8s/connector_pvc_k8s.go:301.16,303.3 1 0
github.com/UFFeScience/akoflow/internal/infrastructure/kubernetes/connector/connector_pvc_k8s/connector_pvc_k8s.go:305.2,305.20 1 1
github.com/UFFeScience/akoflow/internal/infrastructure/kubernetes/connector/connector_pvc_k8s/connector_pvc_k8s.go:309.92,318.16 6 1
github.com/UFFeScience/akoflow/internal/infrastructure/kubernetes/connector/connector_pvc_k8s/connector_pvc_k8s.go:318.16,320.3 1 0
github.com/UFFeScience/akoflow/internal/infrastructure/kubernetes/connector/connector_pvc_k8s/connector_pvc_k8s.go:322.2,322.28 1 1
github.com/UFFeScience/akoflow/internal/infrastructure/kubernetes/connector/connector_pvc_k8s/connector_pvc_k8s.go:322.28,324.3 1 1
github.com/UFFeScience/akoflow/internal/infrastructure/kubernetes/connector/connector_pvc_k8s/connector_pvc_k8s.go:326.2,328.12 2 1
github.com/UFFeScience/akoflow/internal/infrastructure/kubernetes/connector/connector_pvc_k8s/connector_pvc_k8s.go:337.100,342.16 4 1
github.com/UFFeScience/akoflow/internal/infrastructure/kubernetes/connector/connector_pvc_k8s/connector_pvc_k8s.go:342.16,347.3 1 0
github.com/UFFeScience/akoflow/internal/infrastructure/kubernetes/connector/connector_pvc_k8s/connector_pvc_k8s.go:349.2,350.16 2 1
github.com/UFFeScience/akoflow/internal/infrastructure/kubernetes/connector/connector_pvc_k8s/connector_pvc_k8s.go:350.16,355.3 1 0
github.com/UFFeScience/akoflow/internal/infrastructure/kubernetes/connector/connector_pvc_k8s/connector_pvc_k8s.go:357.2,361.16 4 1
github.com/UFFeScience/akoflow/internal/infrastructure/kubernetes/connector/connector_pvc_k8s/connector_pvc_k8s.go:361.16,367.3 1 0
github.com/UFFeScience/akoflow/internal/infrastructure/kubernetes/connector/connector_pvc_k8s/connector_pvc_k8s.go:368.2,370.43 2 1
github.com/UFFeScience/akoflow/internal/infrastructure/kubernetes/connector/connector_pvc_k8s/connector_pvc_k8s.go:370.43,378.3 4 1
github.com/UFFeScience/akoflow/internal/infrastructure/kubernetes/connector/connector_pvc_k8s/connector_pvc_k8s.go:380.2,382.16 3 1
github.com/UFFeScience/akoflow/internal/infrastructure/kubernetes/connector/connector_pvc_k8s/connector_pvc_k8s.go:382.16,387.3 1 0
github.com/UFFeScience/akoflow/internal/infrastructure/kubernetes/connector/connector_pvc_k8s/connector_pvc_k8s.go:389.2,393.3 1 1
github.com/UFFeScience/akoflow/internal/infrastructure/kubernetes/connector/connector_role/connector_role.go:24.58,29.2 1 1
github.com/UFFeScience/akoflow/internal/infrastructure/kubernetes/connector/connector_role/connector_role.go:31.31,39.2 1 1
github.com/UFFeScience/akoflow/internal/infrastructure/kubernetes/connector/connector_role/connector_role.go:47.82,52.16 4 1
github.com/UFFeScience/akoflow/internal/infrastructure/kubernetes/connector/connector_role/connector_role.go:52.16,58.3 2 0
github.com/UFFeScience/akoflow/internal/infrastructure/kubernetes/connector/connector_role/connector_role.go:60.2,61.16 2 1
github.com/UFFeScience/akoflow/internal/infrastructure/kubernetes/connector/connector_role/connector_role.go:61.16,67.3 2 0
github.com/UFFeScience/akoflow/internal/infrastructure/kubernetes/connector/connector_role/connector_role.go:69.2,73.16 4 1
github.com/UFFeScience/akoflow/internal/infrastructure/kubernetes/connector/connector_role/connector_role.go:73.16,79.3 2 1
github.com/UFFeScience/akoflow/internal/infrastructure/kubernetes/connector/connector_role/connector_role.go:80.2,82.43 2 1
github.com/UFFeScience/akoflow/internal/infrastructure/kubernetes/connector/connector_role/connector_role.go:82.43,90.3 4 1
github.com/UFFeScience/akoflow/internal/infrastructure/kubernetes/connector/connector_role/connector_role.go:92.2,94.16 3 1
github.com/UFFeScience/akoflow/internal/infrastructure/kubernetes/connector/connector_role/connector_role.go:94.16,100.3 2 1
github.com/UFFeScience/akoflow/internal/infrastructure/kubernetes/connector/connector_role/connector_role.go:102.2,106.3 1 1
github.com/UFFeScience/akoflow/internal/infrastructure/kubernetes/connector/connector_service/connector_service.go:27.61,32.2 1 1
github.com/UFFeScience/akoflow/internal/infrastructure/kubernetes/connector/connector_service/connector_service.go:34.31,42.2 1 1
github.com/UFFeScience/akoflow/internal/infrastructure/kubernetes/connector/connector_service/connector_service.go:67.97,72.16 4 1
github.com/UFFeScience/akoflow/internal/infrastructure/kubernetes/connector/connector_service/connector_service.go:72.16,78.3 2 0
github.com/UFFeScience/akoflow/internal/infrastructure/kubernetes/connector/connector_service/connector_service.go:80.2,81.16 2 1
github.com/UFFeScience/akoflow/internal/infrastructure/kubernetes/connector/connector_service/connector_service.go:81.16,87.3 2 0
github.com/UFFeScience/akoflow/internal/infrastructure/kubernetes/connector/connector_service/connector_service.go:89.2,93.16 4 1
github.com/UFFeScience/akoflow/internal/infrastructure/kubernetes/connector/connector_service/connector_service.go:93.16,99.3 2 0
github.com/UFFeScience/akoflow/internal/infrastructure/kubernetes/connector/connector_service/connector_service.go:100.2,102.43 2 1
github.com/UFFeScience/akoflow/internal/infrastructure/kubernetes/connector/connector_service/connector_service.go:102.43,110.3 4 1
github.com/UFFeScience/akoflow/internal/infrastructure/kubernetes/connector/connector_service/connector_service.go:112.2,114.16 3 1
github.com/UFFeScience/akoflow/internal/infrastructure/kubernetes/connector/connector_service/connector_service.go:114.16,120.3 2 0
github.com/UFFeScience/akoflow/internal/infrastructure/kubernetes/connector/connector_service/connector_service.go:122.2,126.3 1 1
github.com/UFFeScience/akoflow/internal/infrastructure/kubernetes/connector/connector_service/connector_service.go:129.76,134.16 4 1
github.com/UFFeScience/akoflow/internal/infrastructure/kubernetes/connector/connector_service/connector_service.go:134.16,140.3 2 1
github.com/UFFeScience/akoflow/internal/infrastructure/kubernetes/connector/connector_service/connector_service.go:142.2,146.16 4 1
github.com/UFFeScience/akoflow/internal/infrastructure/kubernetes/connector/connector_service/connector_service.go:146.16,152.3 2 1
github.com/UFFeScience/akoflow/internal/infrastructure/kubernetes/connector/connector_service/connector_service.go:153.2,155.38 2 1
github.com/UFFeScience/akoflow/internal/infrastructure/kubernetes/connector/connector_service/connector_service.go:155.38,163.3 4 1
github.com/UFFeScience/akoflow/internal/infrastructure/kubernetes/connector/connector_service/connector_service.go:165.2,167.16 3 1
github.com/UFFeScience/akoflow/internal/infrastructure/kubernetes/connector/connector_service/connector_service.go:167.16,173.3 2 1
github.com/UFFeScience/akoflow/internal/infrastructure/kubernetes/connector/connector_service/connector_service.go:175.2,179.3 1 1
github.com/UFFeScience/akoflow/internal/infrastructure/kubernetes/connector/connector_service/connector_service.go:182.97,187.16 4 1
github.com/UFFeScience/akoflow/internal/infrastructure/kubernetes/connector/connector_service/connector_service.go:187.16,193.3 2 0
github.com/UFFeScience/akoflow/internal/infrastructure/kubernetes/connector/connector_service/connector_service.go:195.2,196.16 2 1
github.com/UFFeScience/akoflow/internal/infrastructure/kubernetes/connector/connector_service/connector_service.go:196.16,202.3 2 0
github.com/UFFeScience/akoflow/internal/infrastructure/kubernetes/connector/connector_service/connector_service.go:204.2,208.16 4 1
github.com/UFFeScience/akoflow/internal/infrastructure/kubernetes/connector/connector_service/connector_service.go:208.16,214.3 2 0
github.com/UFFeScience/akoflow/internal/infrastructure/kubernetes/connector/connector_service/connector_service.go:215.2,217.38 2 1
github.com/UFFeScience/akoflow/internal/infrastructure/kubernetes/connector/connector_service/connector_service.go:217.38,225.3 4 1
github.com/UFFeScience/akoflow/internal/infrastructure/kubernetes/connector/connector_service/connector_service.go:227.2,229.16 3 1
github.com/UFFeScience/akoflow/internal/infrastructure/kubernetes/connector/connector_service/connector_service.go:229.16,235.3 2 0
github.com/UFFeScience/akoflow/internal/infrastructure/kubernetes/connector/connector_service/connector_service.go:237.2,241.3 1 1
github.com/UFFeScience/akoflow/internal/infrastructure/kubernetes/connector/connector_service/connector_service.go:244.86,249.16 4 1
github.com/UFFeScience/akoflow/internal/infrastructure/kubernetes/connector/connector_service/connector_service.go:249.16,255.3 2 1
github.com/UFFeScience/akoflow/internal/infrastructure/kubernetes/connector/connector_service/connector_service.go:257.2,261.16 4 1
github.com/UFFeScience/akoflow/internal/infrastructure/kubernetes/connector/connector_service/connector_service.go:261.16,267.3 2 0
github.com/UFFeScience/akoflow/internal/infrastructure/kubernetes/connector/connector_service/connector_service.go:268.2,270.81 2 1
github.com/UFFeScience/akoflow/internal/infrastructure/kubernetes/connector/connector_service/connector_service.go:270.81,278.3 4 1
github.com/UFFeScience/akoflow/internal/infrastructure/kubernetes/connector/connector_service/connector_service.go:280.2,283.3 1 1
github.com/UFFeScience/akoflow/internal/infrastructure/kubernetes/entity/job/k8sjob_entity.go:83.34,87.2 3 0
github.com/UFFeScience/akoflow/internal/infrastructure/kubernetes/entity/job/k8sjob_entity.go:89.41,92.2 2 0
github.com/UFFeScience/akoflow/internal/infrastructure/kubernetes/connector/connector_role_binding/connector_role_binding.go:24.65,29.2 1 1
github.com/UFFeScience/akoflow/internal/infrastructure/kubernetes/connector/connector_role_binding/connector_role_binding.go:31.31,39.2 1 1
github.com/UFFeScience/akoflow/internal/infrastructure/kubernetes/connector/connector_role_binding/connector_role_binding.go:47.117,52.16 4 1
github.com/UFFeScience/akoflow/internal/infrastructure/kubernetes/connector/connector_role_binding/connector_role_binding.go:52.16,58.3 2 0
github.com/UFFeScience/akoflow/internal/infrastructure/kubernetes/connector/connector_role_binding/connector_role_binding.go:60.2,61.16 2 1
github.com/UFFeScience/akoflow/internal/infrastructure/kubernetes/connector/connector_role_binding/connector_role_binding.go:61.16,67.3 2 0
github.com/UFFeScience/akoflow/internal/infrastructure/kubernetes/connector/connector_role_binding/connector_role_binding.go:69.2,73.16 4 1
github.com/UFFeScience/akoflow/internal/infrastructure/kubernetes/connector/connector_role_binding/connector_role_binding.go:73.16,79.3 2 1
github.com/UFFeScience/akoflow/internal/infrastructure/kubernetes/connector/connector_role_binding/connector_role_binding.go:80.2,82.43 2 1
github.com/UFFeScience/akoflow/internal/infrastructure/kubernetes/connector/connector_role_binding/connector_role_binding.go:82.43,90.3 4 1
github.com/UFFeScience/akoflow/internal/infrastructure/kubernetes/connector/connector_role_binding/connector_role_binding.go:92.2,94.16 3 1
github.com/UFFeScience/akoflow/internal/infrastructure/kubernetes/connector/connector_role_binding/connector_role_binding.go:94.16,100.3 2 1
github.com/UFFeScience/akoflow/internal/infrastructure/kubernetes/connector/connector_role_binding/connector_role_binding.go:102.2,106.3 1 1
github.com/UFFeScience/akoflow/internal/infrastructure/kubernetes/connector/connector_service_account/connector_service_account.go:27.68,32.2 1 1
github.com/UFFeScience/akoflow/internal/infrastructure/kubernetes/connector/connector_service_account/connector_service_account.go:34.31,42.2 1 1
github.com/UFFeScience/akoflow/internal/infrastructure/kubernetes/connector/connector_service_account/connector_service_account.go:67.132,72.16 4 1
github.com/UFFeScience/akoflow/internal/infrastructure/kubernetes/connector/connector_service_account/connector_service_account.go:72.16,78.3 2 0
github.com/UFFeScience/akoflow/internal/infrastructure/kubernetes/connector/connector_service_account/connector_service_account.go:80.2,81.16 2 1
github.com/UFFeScience/akoflow/internal/infrastructure/kubernetes/connector/connector_service_account/connector_service_account.go:81.16,87.3 2 0
github.com/UFFeScience/akoflow/internal/infrastructure/kubernetes/connector/connector_service_account/connector_service_account.go:89.2,93.16 4 1
github.com/UFFeScience/akoflow/internal/infrastructure/kubernetes/connector/connector_service_account/connector_service_account.go:93.16,99.3 2 0
github.com/UFFeScience/akoflow/internal/infrastructure/kubernetes/connector/connector_service_account/connector_service_account.go:100.2,102.43 2 1
github.com/UFFeScience/akoflow/internal/infrastructure/kubernetes/connector/connector_service_account/connector_service_account.go:102.43,110.3 4 1
github.com/UFFeScience/akoflow/internal/infrastructure/kubernetes/connector/connector_service_account/connector_service_account.go:112.2,114.16 3 1
github.com/UFFeScience/akoflow/internal/infrastructure/kubernetes/connector/connector_service_account/connector_service_account.go:114.16,120.3 2 0
github.com/UFFeScience/akoflow/internal/infrastructure/kubernetes/connector/connector_service_account/connector_service_account.go:122.2,126.3 1 1
github.com/UFFeScience/akoflow/internal/infrastructure/kubernetes/connector/connector_service_account/connector_service_account.go:129.97,134.16 4 1
github.com/UFFeScience/akoflow/internal/infrastructure/kubernetes/connector/connector_service_account/connector_service_account.go:134.16,140.3 2 0
github.com/UFFeScience/akoflow/internal/infrastructure/kubernetes/connector/connector_service_account/connector_service_account.go:142.2,146.16 4 1
github.com/UFFeScience/akoflow/internal/infrastructure/kubernetes/connector/connector_service_account/connector_service_account.go:146.16,152.3 2 1
github.com/UFFeScience/akoflow/internal/infrastructure/kubernetes/connector/connector_service_account/connector_service_account.go:153.2,155.38 2 1
github.com/UFFeScience/akoflow/internal/infrastructure/kubernetes/connector/connector_service_account/connector_service_account.go:155.38,163.3 4 1
github.com/UFFeScience/akoflow/internal/infrastructure/kubernetes/connector/connector_service_account/connector_service_account.go:165.2,167.16 3 1
github.com/UFFeScience/akoflow/internal/infrastructure/kubernetes/connector/connector_service_account/connector_service_account.go:167.16,173.3 2 1
github.com/UFFeScience/akoflow/internal/infrastructure/kubernetes/connector/connector_service_account/connector_service_account.go:175.2,179.3 1 1
github.com/UFFeScience/akoflow/internal/infrastructure/kubernetes/connector/connector_service_account/connector_service_account.go:182.132,187.16 4 1
github.com/UFFeScience/akoflow/internal/infrastructure/kubernetes/connector/connector_service_account/connector_service_account.go:187.16,193.3 2 0
github.com/UFFeScience/akoflow/internal/infrastructure/kubernetes/connector/connector_service_account/connector_service_account.go:195.2,196.16 2 1
github.com/UFFeScience/akoflow/internal/infrastructure/kubernetes/connector/connector_service_account/connector_service_account.go:196.16,202.3 2 0
github.com/UFFeScience/akoflow/internal/infrastructure/kubernetes/connector/connector_service_account/connector_service_account.go:204.2,208.16 4 1
github.com/UFFeScience/akoflow/internal/infrastructure/kubernetes/connector/connector_service_account/connector_service_account.go:208.16,214.3 2 0
github.com/UFFeScience/akoflow/internal/infrastructure/kubernetes/connector/connector_service_account/connector_service_account.go:215.2,217.38 2 1
github.com/UFFeScience/akoflow/internal/infrastructure/kubernetes/connector/connector_service_account/connector_service_account.go:217.38,225.3 4 1
github.com/UFFeScience/akoflow/internal/infrastructure/kubernetes/connector/connector_service_account/connector_service_account.go:227.2,229.16 3 1
github.com/UFFeScience/akoflow/internal/infrastructure/kubernetes/connector/connector_service_account/connector_service_account.go:229.16,235.3 2 0
github.com/UFFeScience/akoflow/internal/infrastructure/kubernetes/connector/connector_service_account/connector_service_account.go:237.2,241.3 1 1
github.com/UFFeScience/akoflow/internal/infrastructure/kubernetes/connector/connector_service_account/connector_service_account.go:244.107,249.16 4 1
github.com/UFFeScience/akoflow/internal/infrastructure/kubernetes/connector/connector_service_account/connector_service_account.go:249.16,255.3 2 0
github.com/UFFeScience/akoflow/internal/infrastructure/kubernetes/connector/connector_service_account/connector_service_account.go:257.2,261.16 4 1
github.com/UFFeScience/akoflow/internal/infrastructure/kubernetes/connector/connector_service_account/connector_service_account.go:261.16,267.3 2 0
github.com/UFFeScience/akoflow/internal/infrastructure/kubernetes/connector/connector_service_account/connector_service_account.go:268.2,270.81 2 1
github.com/UFFeScience/akoflow/internal/infrastructure/kubernetes/connector/connector_service_account/connector_service_account.go:270.81,278.3 4 1
github.com/UFFeScience/akoflow/internal/infrastructure/kubernetes/connector/connector_service_account/connector_service_account.go:280.2,283.3 1 1
github.com/UFFeScience/akoflow/internal/infrastructure/kubernetes/connector/connector_storage_class/connector_storage_class.go:27.66,32.2 1 1
github.com/UFFeScience/akoflow/internal/infrastructure/kubernetes/connector/connector_storage_class/connector_storage_class.go:34.31,42.2 1 1
github.com/UFFeScience/akoflow/internal/infrastructure/kubernetes/connector/connector_storage_class/connector_storage_class.go:67.122,72.16 4 1
github.com/UFFeScience/akoflow/internal/infrastructure/kubernetes/connector/connector_storage_class/connector_storage_class.go:72.16,78.3 2 0
github.com/UFFeScience/akoflow/internal/infrastructure/kubernetes/connector/connector_storage_class/connector_storage_class.go:80.2,81.16 2 1
github.com/UFFeScience/akoflow/internal/infrastructure/kubernetes/connector/connector_storage_class/connector_storage_class.go:81.16,87.3 2 0
github.com/UFFeScience/akoflow/internal/infrastructure/kubernetes/connector/connector_storage_class/connector_storage_class.go:89.2,93.16 4 1
github.com/UFFeScience/akoflow/internal/infrastructure/kubernetes/connector/connector_storage_class/connector_storage_class.go:93.16,99.3 2 0
github.com/UFFeScience/akoflow/internal/infrastructure/kubernetes/connector/connector_storage_class/connector_storage_class.go:100.2,102.43 2 1
github.com/UFFeScience/akoflow/internal/infrastructure/kubernetes/connector/connector_storage_class/connector_storage_class.go:102.43,110.3 4 1
github.com/UFFeScience/akoflow/internal/infrastructure/kubernetes/connector/connector_storage_class/connector_storage_class.go:112.2,114.16 3 1
github.com/UFFeScience/akoflow/internal/infrastructure/kubernetes/connector/connector_storage_class/connector_storage_class.go:114.16,120.3 2 0
github.com/UFFeScience/akoflow/internal/infrastructure/kubernetes/connector/connector_storage_class/connector_storage_class.go:122.2,126.3 1 1
github.com/UFFeScience/akoflow/internal/infrastructure/kubernetes/connector/connector_storage_class/connector_storage_class.go:129.75,134.16 4 1
github.com/UFFeScience/akoflow/internal/infrastructure/kubernetes/connector/connector_storage_class/connector_storage_class.go:134.16,140.3 2 0
github.com/UFFeScience/akoflow/internal/infrastructure/kubernetes/connector/connector_storage_class/connector_storage_class.go:142.2,146.16 4 1
github.com/UFFeScience/akoflow/internal/infrastructure/kubernetes/connector/connector_storage_class/connector_storage_class.go:146.16,152.3 2 1
github.com/UFFeScience/akoflow/internal/infrastructure/kubernetes/connector/connector_storage_class/connector_storage_class.go:153.2,155.38 2 1
github.com/UFFeScience/akoflow/internal/infrastructure/kubernetes/connector/connector_storage_class/connector_storage_class.go:155.38,163.3 4 1
github.com/UFFeScience/akoflow/internal/infrastructure/kubernetes/connector/connector_storage_class/connector_storage_class.go:165.2,167.16 3 1
github.com/UFFeScience/akoflow/internal/infrastructure/kubernetes/connector/connector_storage_class/connector_storage_class.go:167.16,173.3 2 1
github.com/UFFeScience/akoflow/internal/infrastructure/kubernetes/connector/connector_storage_class/connector_storage_class.go:175.2,179.3 1 1
github.com/UFFeScience/akoflow/internal/infrastructure/kubernetes/connector/connector_storage_class/connector_storage_class.go:182.122,187.16 4 1
github.com/UFFeScience/akoflow/internal/infrastructure/kubernetes/connector/connector_storage_class/connector_storage_class.go:187.16,193.3 2 0
github.com/UFFeScience/akoflow/internal/infrastructure/kubernetes/connector/connector_storage_class/connector_storage_class.go:195.2,196.16 2 1
github.com/UFFeScience/akoflow/internal/infrastructure/kubernetes/connector/connector_storage_class/connector_storage_class.go:196.16,202.3 2 0
github.com/UFFeScience/akoflow/internal/infrastructure/kubernetes/connector/connector_storage_class/connector_storage_class.go:204.2,208.16 4 1
github.com/UFFeScience/akoflow/internal/infrastructure/kubernetes/connector/connector_storage_class/connector_storage_class.go:208.16,214.3 2 0
github.com/UFFeScience/akoflow/internal/infrastructure/kubernetes/connector/connector_storage_class/connector_storage_class.go:215.2,217.38 2 1
github.com/UFFeScience/akoflow/internal/infrastructure/kubernetes/connector/connector_storage_class/connector_storage_class.go:217.38,225.3 4 1
github.com/UFFeScience/akoflow/internal/infrastructure/kubernetes/connector/connector_storage_class/connector_storage_class.go:227.2,229.16 3 1
github.com/UFFeScience/akoflow/internal/infrastructure/kubernetes/connector/connector_storage_class/connector_storage_class.go:229.16,235.3 2 0
github.com/UFFeScience/akoflow/internal/infrastructure/kubernetes/connector/connector_storage_class/connector_storage_class.go:237.2,241.3 1 1
github.com/UFFeScience/akoflow/internal/infrastructure/kubernetes/connector/connector_storage_class/connector_storage_class.go:244.90,249.16 4 1
github.com/UFFeScience/akoflow/internal/infrastructure/kubernetes/connector/connector_storage_class/connector_storage_class.go:249.16,255.3 2 0
github.com/UFFeScience/akoflow/internal/infrastructure/kubernetes/connector/connector_storage_class/connector_storage_class.go:257.2,261.16 4 1
github.com/UFFeScience/akoflow/internal/infrastructure/kubernetes/connector/connector_storage_class/connector_storage_class.go:261.16,267.3 2 0
github.com/UFFeScience/akoflow/internal/infrastructure/kubernetes/connector/connector_storage_class/connector_storage_class.go:268.2,270.81 2 1
github.com/UFFeScience/akoflow/internal/infrastructure/kubernetes/connector/connector_storage_class/connector_storage_class.go:270.81,278.3 4 1
github.com/UFFeScience/akoflow/internal/infrastructure/kubernetes/connector/connector_storage_class/connector_storage_class.go:280.2,283.3 1 1
github.com/UFFeScience/akoflow/internal/infrastructure/kubernetes/runtime/kubernetes_runtime.go:19.31,24.2 1 0
github.com/UFFeScience/akoflow/internal/infrastructure/kubernetes/runtime/kubernetes_runtime.go:26.76,29.2 2 1
github.com/UFFeScience/akoflow/internal/infrastructure/kubernetes/runtime/kubernetes_runtime.go:31.83,34.2 2 1
github.com/UFFeScience/akoflow/internal/infrastructure/kubernetes/runtime/kubernetes_runtime.go:36.53,38.2 1 1
github.com/UFFeScience/akoflow/internal/infrastructure/kubernetes/runtime/kubernetes_runtime.go:40.53,42.2 1 1
github.com/UFFeScience/akoflow/internal/infrastructure/kubernetes/runtime/kubernetes_runtime.go:44.52,46.2 1 1
github.com/UFFeScience/akoflow/internal/infrastructure/kubernetes/runtime/kubernetes_runtime.go:48.75,51.2 2 0
github.com/UFFeScience/akoflow/internal/infrastructure/kubernetes/runtime/kubernetes_runtime.go:53.76,55.2 1 1
github.com/UFFeScience/akoflow/internal/infrastructure/kubernetes/runtime/kubernetes_runtime.go:57.79,60.2 2 0
github.com/UFFeScience/akoflow/internal/infrastructure/kubernetes/runtime/kubernetes_runtime.go:62.141,65.2 2 0
github.com/UFFeScience/akoflow/internal/infrastructure/kubernetes/runtime/kubernetes_runtime.go:67.78,69.2 1 1
github.com/UFFeScience/akoflow/internal/infrastructure/kubernetes/runtime/kubernetes_runtime.go:71.97,77.2 2 0
github.com/UFFeScience/akoflow/internal/infrastructure/kubernetes/runtime/kubernetes_runtime.go:79.48,81.2 1 0
github.com/UFFeScience/akoflow/internal/infrastructure/kubernetes/runtime/kubernetes_runtime.go:83.48,88.2 1 0
github.com/UFFeScience/akoflow/internal/infrastructure/plugins/planning/contract.go:15.111,17.16 2 1
github.com/UFFeScience/akoflow/internal/infrastructure/plugins/planning/contract.go:17.16,19.3 1 1
github.com/UFFeScience/akoflow/internal/infrastructure/plugins/planning/contract.go:20.2,20.18 1 1
github.com/UFFeScience/akoflow/internal/infrastructure/plugins/planning/contract.go:25.105,29.2 3 1
github.com/UFFeScience/akoflow/internal/infrastructure/plugins/planning/go_plugin_source.go:17.106,19.16 2 0
github.com/UFFeScience/akoflow/internal/infrastructure/plugins/planning/go_plugin_source.go:19.16,21.3 1 0
github.com/UFFeScience/akoflow/internal/infrastructure/plugins/planning/go_plugin_source.go:22.2,22.57 1 0
github.com/UFFeScience/akoflow/internal/infrastructure/plugins/planning/go_plugin_source.go:22.57,24.10 2 0
github.com/UFFeScience/akoflow/internal/infrastructure/plugins/planning/go_plugin_source.go:24.10,26.4 1 0
github.com/UFFeScience/akoflow/internal/infrastructure/plugins/planning/go_plugin_source.go:27.3,27.36 1 0
github.com/UFFeScience/akoflow/internal/infrastructure/plugins/planning/go_plugin_source.go:29.2,30.16 2 0
github.com/UFFeScience/akoflow/internal/infrastructure/plugins/planning/go_plugin_source.go:30.16,32.3 1 0
github.com/UFFeScience/akoflow/internal/infrastructure/plugins/planning/go_plugin_source.go:33.2,34.9 2 0
github.com/UFFeScience/akoflow/internal/infrastructure/plugins/planning/go_plugin_source.go:34.9,36.3 1 0
github.com/UFFeScience/akoflow/internal/infrastructure/plugins/planning/go_plugin_source.go:37.2,37.27 1 0
github.com/UFFeScience/akoflow/internal/infrastructure/plugins/planning/validate_plan_service.go:12.51,12.83 1 1
github.com/UFFeScience/akoflow/internal/infrastructure/plugins/planning/validate_plan_service.go:14.131,15.43 1 1
github.com/UFFeScience/akoflow/internal/infrastructure/plugins/planning/validate_plan_service.go:15.43,17.3 1 1
github.com/UFFeScience/akoflow/internal/infrastructure/plugins/planning/validate_plan_service.go:18.2,19.37 2 1
github.com/UFFeScience/akoflow/internal/infrastructure/plugins/planning/validate_plan_service.go:19.37,21.3 1 1
github.com/UFFeScience/akoflow/internal/infrastructure/plugins/planning/validate_plan_service.go:22.2,23.47 2 1
github.com/UFFeScience/akoflow/internal/infrastructure/plugins/planning/validate_plan_service.go:23.47,25.3 1 1
github.com/UFFeScience/akoflow/internal/infrastructure/plugins/planning/validate_plan_service.go:26.2,27.46 2 1
github.com/UFFeScience/akoflow/internal/infrastructure/plugins/planning/validate_plan_service.go:27.46,29.14 2 1
github.com/UFFeScience/akoflow/internal/infrastructure/plugins/planning/validate_plan_service.go:29.14,31.4 1 1
github.com/UFFeScience/akoflow/internal/infrastructure/plugins/planning/validate_plan_service.go:32.3,32.77 1 1
github.com/UFFeScience/akoflow/internal/infrastructure/plugins/planning/validate_plan_service.go:32.77,34.4 1 1
github.com/UFFeScience/akoflow/internal/infrastructure/plugins/planning/validate_plan_service.go:35.3,36.14 2 1
github.com/UFFeScience/akoflow/internal/infrastructure/plugins/planning/validate_plan_service.go:36.14,38.4 1 1
github.com/UFFeScience/akoflow/internal/infrastructure/plugins/planning/validate_plan_service.go:39.3,39.65 1 1
github.com/UFFeScience/akoflow/internal/infrastructure/plugins/planning/validate_plan_service.go:39.65,41.4 1 1
github.com/UFFeScience/akoflow/internal/infrastructure/plugins/planning/validate_plan_service.go:42.3,42.28 1 1
github.com/UFFeScience/akoflow/internal/infrastructure/plugins/planning/validate_plan_service.go:42.28,44.4 1 1
github.com/UFFeScience/akoflow/internal/infrastructure/plugins/planning/validate_plan_service.go:45.3,45.50 1 1
github.com/UFFeScience/akoflow/internal/infrastructure/plugins/planning/validate_plan_service.go:45.50,47.4 1 1
github.com/UFFeScience/akoflow/internal/infrastructure/plugins/planning/validate_plan_service.go:48.3,48.58 1 1
github.com/UFFeScience/akoflow/internal/infrastructure/plugins/planning/validate_plan_service.go:48.58,50.4 1 1
github.com/UFFeScience/akoflow/internal/infrastructure/plugins/planning/validate_plan_service.go:51.3,51.65 1 1
github.com/UFFeScience/akoflow/internal/infrastructure/plugins/planning/validate_plan_service.go:51.65,53.4 1 1
github.com/UFFeScience/akoflow/internal/infrastructure/plugins/planning/validate_plan_service.go:54.3,54.59 1 1
github.com/UFFeScience/akoflow/internal/infrastructure/plugins/planning/validate_plan_service.go:56.2,56.52 1 1
github.com/UFFeScience/akoflow/internal/infrastructure/plugins/planning/validate_plan_service.go:56.52,58.3 1 1
github.com/UFFeScience/akoflow/internal/infrastructure/plugins/planning/validate_plan_service.go:59.2,59.46 1 1
github.com/UFFeScience/akoflow/internal/infrastructure/plugins/planning/validate_plan_service.go:59.46,61.3 1 1
github.com/UFFeScience/akoflow/internal/infrastructure/plugins/planning/validate_plan_service.go:62.2,62.72 1 1
github.com/UFFeScience/akoflow/internal/infrastructure/plugins/planning/validate_plan_service.go:65.57,68.47 3 1
github.com/UFFeScience/akoflow/internal/infrastructure/plugins/planning/validate_plan_service.go:68.47,70.3 1 1
github.com/UFFeScience/akoflow/internal/infrastructure/plugins/planning/validate_plan_service.go:71.2,71.51 1 1
github.com/UFFeScience/akoflow/internal/infrastructure/plugins/planning/validate_plan_service.go:71.51,72.52 1 1
github.com/UFFeScience/akoflow/internal/infrastructure/plugins/planning/validate_plan_service.go:72.52,74.4 1 0
github.com/UFFeScience/akoflow/internal/infrastructure/plugins/planning/validate_plan_service.go:75.3,75.61 1 1
github.com/UFFeScience/akoflow/internal/infrastructure/plugins/planning/validate_plan_service.go:75.61,77.4 1 0
github.com/UFFeScience/akoflow/internal/infrastructure/plugins/planning/validate_plan_service.go:78.3,78.62 1 1
github.com/UFFeScience/akoflow/internal/infrastructure/plugins/planning/validate_plan_service.go:78.62,80.4 1 1
github.com/UFFeScience/akoflow/internal/infrastructure/plugins/planning/validate_plan_service.go:81.3,82.121 2 1
github.com/UFFeScience/akoflow/internal/infrastructure/plugins/planning/validate_plan_service.go:84.2,85.35 2 1
github.com/UFFeScience/akoflow/internal/infrastructure/plugins/planning/validate_plan_service.go:85.35,86.18 1 1
github.com/UFFeScience/akoflow/internal/infrastructure/plugins/planning/validate_plan_service.go:86.18,88.4 1 1
github.com/UFFeScience/akoflow/internal/infrastructure/plugins/planning/validate_plan_service.go:90.2,91.21 2 1
github.com/UFFeScience/akoflow/internal/infrastructure/plugins/planning/validate_plan_service.go:91.21,95.44 4 1
github.com/UFFeScience/akoflow/internal/infrastructure/plugins/planning/validate_plan_service.go:95.44,97.32 2 1
github.com/UFFeScience/akoflow/internal/infrastructure/plugins/planning/validate_plan_service.go:97.32,99.5 1 1
github.com/UFFeScience/akoflow/internal/infrastructure/plugins/planning/validate_plan_service.go:102.2,102.30 1 1
github.com/UFFeScience/akoflow/internal/infrastructure/plugins/planning/validate_plan_service.go:102.30,104.3 1 1
github.com/UFFeScience/akoflow/internal/infrastructure/plugins/planning/validate_plan_service.go:105.2,105.12 1 1
github.com/UFFeScience/akoflow/internal/infrastructure/plugins/planning/validate_plan_service.go:108.114,111.41 3 1
github.com/UFFeScience/akoflow/internal/infrastructure/plugins/planning/validate_plan_service.go:111.41,115.3 3 1
github.com/UFFeScience/akoflow/internal/infrastructure/plugins/planning/validate_plan_service.go:116.2,116.34 1 1
github.com/UFFeScience/akoflow/internal/infrastructure/plugins/planning/validate_plan_service.go:116.34,117.41 1 1
github.com/UFFeScience/akoflow/internal/infrastructure/plugins/planning/validate_plan_service.go:117.41,117.103 1 1
github.com/UFFeScience/akoflow/internal/infrastructure/plugins/planning/validate_plan_service.go:118.3,118.35 1 1
github.com/UFFeScience/akoflow/internal/infrastructure/plugins/planning/validate_plan_service.go:118.35,119.62 1 1
github.com/UFFeScience/akoflow/internal/infrastructure/plugins/planning/validate_plan_service.go:119.62,121.5 1 0
github.com/UFFeScience/akoflow/internal/infrastructure/plugins/planning/validate_plan_service.go:124.2,124.42 1 1
github.com/UFFeScience/akoflow/internal/infrastructure/plugins/planning/validate_plan_service.go:124.42,130.80 3 1
github.com/UFFeScience/akoflow/internal/infrastructure/plugins/planning/validate_plan_service.go:130.80,132.4 1 1
github.com/UFFeScience/akoflow/internal/infrastructure/plugins/planning/validate_plan_service.go:134.2,134.12 1 1
github.com/UFFeScience/akoflow/internal/infrastructure/ssh/local_connector/connector_local.go:12.28,14.2 1 1
github.com/UFFeScience/akoflow/internal/infrastructure/ssh/local_connector/connector_local.go:21.85,23.2 1 1
github.com/UFFeScience/akoflow/internal/infrastructure/ssh/local_connector/connector_local.go:25.95,34.16 7 1
github.com/UFFeScience/akoflow/internal/infrastructure/ssh/local_connector/connector_local.go:34.16,36.3 1 1
github.com/UFFeScience/akoflow/internal/infrastructure/ssh/local_connector/connector_local.go:38.2,38.28 1 1
github.com/UFFeScience/akoflow/internal/infrastructure/ssh/local_connector/connector_local.go:42.69,49.36 6 1
github.com/UFFeScience/akoflow/internal/infrastructure/ssh/local_connector/connector_local.go:49.36,51.3 1 0
github.com/UFFeScience/akoflow/internal/infrastructure/ssh/local_connector/connector_local.go:53.2,56.36 3 1
github.com/UFFeScience/akoflow/internal/infrastructure/ssh/local_connector/connector_local.go:59.33,60.49 1 1
github.com/UFFeScience/akoflow/internal/infrastructure/ssh/local_connector/connector_local.go:60.49,62.3 1 1
github.com/UFFeScience/akoflow/internal/infrastructure/ssh/local_connector/connector_local.go:63.2,63.13 1 0
github.com/UFFeScience/akoflow/internal/infrastructure/slurm/runtime/hpc_runtime.go:9.34,13.2 1 0
github.com/UFFeScience/akoflow/internal/infrastructure/slurm/runtime/hpc_runtime.go:21.46,23.2 1 1
github.com/UFFeScience/akoflow/internal/infrastructure/slurm/runtime/hpc_runtime.go:25.45,27.2 1 1
github.com/UFFeScience/akoflow/internal/infrastructure/slurm/runtime/hpc_runtime.go:29.69,32.2 2 1
github.com/UFFeScience/akoflow/internal/infrastructure/slurm/runtime/hpc_runtime.go:34.62,37.2 2 1
github.com/UFFeScience/akoflow/internal/infrastructure/slurm/runtime/hpc_runtime.go:39.68,42.2 2 0
github.com/UFFeScience/akoflow/internal/infrastructure/slurm/runtime/hpc_runtime.go:44.69,46.2 1 1
github.com/UFFeScience/akoflow/internal/infrastructure/slurm/runtime/hpc_runtime.go:48.72,50.2 1 1
github.com/UFFeScience/akoflow/internal/infrastructure/slurm/runtime/hpc_runtime.go:52.134,54.2 1 1
github.com/UFFeScience/akoflow/internal/infrastructure/slurm/runtime/hpc_runtime.go:56.71,58.2 1 1
github.com/UFFeScience/akoflow/internal/infrastructure/slurm/runtime/hpc_runtime.go:60.41,63.2 2 0
github.com/UFFeScience/akoflow/internal/infrastructure/slurm/runtime/hpc_runtime.go:65.90,71.2 2 0
github.com/UFFeScience/akoflow/internal/infrastructure/system/utils/utils_delete_file/utils_delete_file.go:8.29,10.2 1 1
github.com/UFFeScience/akoflow/internal/infrastructure/system/utils/utils_delete_file/utils_delete_file.go:12.61,15.16 2 1
github.com/UFFeScience/akoflow/internal/infrastructure/system/utils/utils_delete_file/utils_delete_file.go:15.16,17.3 1 1
github.com/UFFeScience/akoflow/internal/infrastructure/system/utils/utils_delete_file/utils_delete_file.go:18.2,18.12 1 1
github.com/UFFeScience/akoflow/internal/infrastructure/system/utils/utils_parser_params_ssh_client/utils_parser_params_ssh_client.go:14.40,16.2 1 1
github.com/UFFeScience/akoflow/internal/infrastructure/system/utils/utils_parser_params_ssh_client/utils_parser_params_ssh_client.go:18.103,21.2 2 1
github.com/UFFeScience/akoflow/internal/infrastructure/system/utils/utils_parser_params_ssh_client/utils_parser_params_ssh_client.go:23.87,26.32 3 1
github.com/UFFeScience/akoflow/internal/infrastructure/system/utils/utils_parser_params_ssh_client/utils_parser_params_ssh_client.go:26.32,28.22 2 1
github.com/UFFeScience/akoflow/internal/infrastructure/system/utils/utils_parser_params_ssh_client/utils_parser_params_ssh_client.go:28.22,29.12 1 1
github.com/UFFeScience/akoflow/internal/infrastructure/system/utils/utils_parser_params_ssh_client/utils_parser_params_ssh_client.go:31.3,32.25 2 1
github.com/UFFeScience/akoflow/internal/infrastructure/system/utils/utils_parser_params_ssh_client/utils_parser_params_ssh_client.go:32.25,33.12 1 1
github.com/UFFeScience/akoflow/internal/infrastructure/system/utils/utils_parser_params_ssh_client/utils_parser_params_ssh_client.go:35.3,36.25 2 1
github.com/UFFeScience/akoflow/internal/infrastructure/system/utils/utils_parser_params_ssh_client/utils_parser_params_ssh_client.go:36.25,37.12 1 1
github.com/UFFeScience/akoflow/internal/infrastructure/system/utils/utils_parser_params_ssh_client/utils_parser_params_ssh_client.go:39.3,40.17 2 1
github.com/UFFeScience/akoflow/internal/infrastructure/system/utils/utils_parser_params_ssh_client/utils_parser_params_ssh_client.go:40.17,41.12 1 1
github.com/UFFeScience/akoflow/internal/infrastructure/system/utils/utils_parser_params_ssh_client/utils_parser_params_ssh_client.go:43.3,50.36 2 1
github.com/UFFeScience/akoflow/internal/infrastructure/system/utils/utils_parser_params_ssh_client/utils_parser_params_ssh_client.go:53.2,53.16 1 1
github.com/UFFeScience/akoflow/internal/infrastructure/system/utils/utils_exec_command/utils_exec_command.go:10.30,12.2 1 1
github.com/UFFeScience/akoflow/internal/infrastructure/system/utils/utils_exec_command/utils_exec_command.go:14.94,18.2 3 1
github.com/UFFeScience/akoflow/internal/infrastructure/ssh/singularity_connector/connector_singularity.go:12.34,14.2 1 1
github.com/UFFeScience/akoflow/internal/infrastructure/ssh/singularity_connector/connector_singularity.go:21.91,23.2 1 1
github.com/UFFeScience/akoflow/internal/infrastructure/ssh/singularity_connector/connector_singularity.go:25.101,33.16 6 1
github.com/UFFeScience/akoflow/internal/infrastructure/ssh/singularity_connector/connector_singularity.go:33.16,35.3 1 1
github.com/UFFeScience/akoflow/internal/infrastructure/ssh/singularity_connector/connector_singularity.go:37.2,37.28 1 1
github.com/UFFeScience/akoflow/internal/infrastructure/ssh/singularity_connector/connector_singularity.go:41.69,48.36 6 1
github.com/UFFeScience/akoflow/internal/infrastructure/ssh/singularity_connector/connector_singularity.go:48.36,50.3 1 0
github.com/UFFeScience/akoflow/internal/infrastructure/ssh/singularity_connector/connector_singularity.go:52.2,55.36 3 1
github.com/UFFeScience/akoflow/internal/infrastructure/ssh/singularity_connector/connector_singularity.go:58.33,59.49 1 1
github.com/UFFeScience/akoflow/internal/infrastructure/ssh/singularity_connector/connector_singularity.go:59.49,61.3 1 1
github.com/UFFeScience/akoflow/internal/infrastructure/ssh/singularity_connector/connector_singularity.go:62.2,62.13 1 0
github.com/UFFeScience/akoflow/internal/infrastructure/system/utils/utils_read_file/utils_read_file.go:8.27,10.2 1 1
github.com/UFFeScience/akoflow/internal/infrastructure/system/utils/utils_read_file/utils_read_file.go:12.58,15.16 2 1
github.com/UFFeScience/akoflow/internal/infrastructure/system/utils/utils_read_file/utils_read_file.go:15.16,16.13 1 1
github.com/UFFeScience/akoflow/internal/infrastructure/system/utils/utils_read_file/utils_read_file.go:19.2,22.16 3 1
github.com/UFFeScience/akoflow/internal/infrastructure/system/utils/utils_read_file/utils_read_file.go:22.16,23.13 1 0
github.com/UFFeScience/akoflow/internal/infrastructure/system/utils/utils_read_file/utils_read_file.go:26.2,28.16 3 1
github.com/UFFeScience/akoflow/internal/infrastructure/system/utils/utils_read_file/utils_read_file.go:28.16,29.13 1 0
github.com/UFFeScience/akoflow/internal/infrastructure/system/utils/utils_read_file/utils_read_file.go:32.2,32.19 1 1
github.com/UFFeScience/akoflow/internal/infrastructure/system/utils/utils_read_file/utils_read_file.go:35.53,38.16 2 1
github.com/UFFeScience/akoflow/internal/infrastructure/system/utils/utils_read_file/utils_read_file.go:38.16,39.13 1 0
github.com/UFFeScience/akoflow/internal/infrastructure/system/utils/utils_read_file/utils_read_file.go:43.2,44.104 2 1
github.com/UFFeScience/akoflow/internal/infrastructure/system/utils/utils_read_file/utils_read_file.go:44.104,46.3 1 1
github.com/UFFeScience/akoflow/internal/infrastructure/system/utils/utils_read_file/utils_read_file.go:48.2,48.17 1 1
github.com/UFFeScience/akoflow/internal/infrastructure/system/utils/utils_create_file/utils_create_file.go:8.29,10.2 1 1
github.com/UFFeScience/akoflow/internal/infrastructure/system/utils/utils_create_file/utils_create_file.go:12.71,15.16 2 1
github.com/UFFeScience/akoflow/internal/infrastructure/system/utils/utils_create_file/utils_create_file.go:15.16,16.13 1 0
github.com/UFFeScience/akoflow/internal/infrastructure/system/utils/utils_create_file/utils_create_file.go:19.2,22.16 3 1
github.com/UFFeScience/akoflow/internal/infrastructure/system/utils/utils_create_file/utils_create_file.go:22.16,23.13 1 0
github.com/UFFeScience/akoflow/internal/infrastructure/system/utils/utils_create_file/utils_create_file.go:27.65,30.16 2 1
github.com/UFFeScience/akoflow/internal/infrastructure/system/utils/utils_create_file/utils_create_file.go:30.16,31.13 1 0
github.com/UFFeScience/akoflow/internal/infrastructure/system/utils/utils_create_file/utils_create_file.go:34.2,37.16 3 1
github.com/UFFeScience/akoflow/internal/infrastructure/system/utils/utils_create_file/utils_create_file.go:37.16,38.13 1 0
github.com/UFFeScience/akoflow/internal/infrastructure/system/utils/utils_create_file/utils_create_file.go:41.2,41.20 1 1
github.com/UFFeScience/akoflow/internal/infrastructure/slurm/connector/connector_hpc.go:17.33,19.2 1 1
github.com/UFFeScience/akoflow/internal/infrastructure/slurm/connector/connector_hpc.go:21.95,24.2 2 1
github.com/UFFeScience/akoflow/internal/infrastructure/slurm/connector/connector_hpc.go:36.106,42.16 4 1
github.com/UFFeScience/akoflow/internal/infrastructure/slurm/connector/connector_hpc.go:42.16,44.3 1 0
github.com/UFFeScience/akoflow/internal/infrastructure/slurm/connector/connector_hpc.go:46.2,51.16 5 1
github.com/UFFeScience/akoflow/internal/infrastructure/slurm/connector/connector_hpc.go:51.16,53.3 1 1
github.com/UFFeScience/akoflow/internal/infrastructure/slurm/connector/connector_hpc.go:55.2,55.28 1 0
github.com/UFFeScience/akoflow/internal/infrastructure/slurm/connector/connector_hpc.go:58.111,59.60 1 1
github.com/UFFeScience/akoflow/internal/infrastructure/slurm/connector/connector_hpc.go:59.60,61.3 1 1
github.com/UFFeScience/akoflow/internal/infrastructure/slurm/connector/connector_hpc.go:63.2,64.16 2 0
github.com/UFFeScience/akoflow/internal/infrastructure/slurm/connector/connector_hpc.go:64.16,66.3 1 0
github.com/UFFeScience/akoflow/internal/infrastructure/slurm/connector/connector_hpc.go:68.2,69.16 2 0
github.com/UFFeScience/akoflow/internal/infrastructure/slurm/connector/connector_hpc.go:69.16,71.3 1 0
github.com/UFFeScience/akoflow/internal/infrastructure/slurm/connector/connector_hpc.go:73.2,74.16 2 0
github.com/UFFeScience/akoflow/internal/infrastructure/slurm/connector/connector_hpc.go:74.16,76.3 1 0
github.com/UFFeScience/akoflow/internal/infrastructure/slurm/connector/connector_hpc.go:78.2,79.16 2 0
github.com/UFFeScience/akoflow/internal/infrastructure/slurm/connector/connector_hpc.go:79.16,81.3 1 0
github.com/UFFeScience/akoflow/internal/infrastructure/slurm/connector/connector_hpc.go:83.2,84.16 2 0
github.com/UFFeScience/akoflow/internal/infrastructure/slurm/connector/connector_hpc.go:84.16,87.3 2 0
github.com/UFFeScience/akoflow/internal/infrastructure/slurm/connector/connector_hpc.go:89.2,91.16 2 0
github.com/UFFeScience/akoflow/internal/infrastructure/slurm/connector/connector_hpc.go:91.16,95.3 3 0
github.com/UFFeScience/akoflow/internal/infrastructure/slurm/connector/connector_hpc.go:97.2,97.12 1 0
github.com/UFFeScience/akoflow/internal/infrastructure/slurm/connector/connector_hpc.go:100.113,111.72 8 1
github.com/UFFeScience/akoflow/internal/infrastructure/slurm/connector/connector_hpc.go:111.72,113.3 1 0
github.com/UFFeScience/akoflow/internal/infrastructure/slurm/connector/connector_hpc.go:113.8,113.27 1 1
github.com/UFFeScience/akoflow/internal/infrastructure/slurm/connector/connector_hpc.go:113.27,115.3 1 1
github.com/UFFeScience/akoflow/internal/infrastructure/slurm/connector/connector_hpc.go:117.2,117.60 1 1
github.com/UFFeScience/akoflow/internal/infrastructure/slurm/connector/connector_hpc.go:120.51,122.16 2 1
github.com/UFFeScience/akoflow/internal/infrastructure/slurm/connector/connector_hpc.go:122.16,124.3 1 1
github.com/UFFeScience/akoflow/internal/infrastructure/slurm/connector/connector_hpc.go:125.2,125.29 1 1
github.com/UFFeScience/akoflow/internal/infrastructure/slurm/connector/connector_hpc.go:128.67,134.16 4 1
github.com/UFFeScience/akoflow/internal/infrastructure/slurm/connector/connector_hpc.go:134.16,136.3 1 0
github.com/UFFeScience/akoflow/internal/infrastructure/slurm/connector/connector_hpc.go:138.2,139.16 2 1
github.com/UFFeScience/akoflow/internal/infrastructure/slurm/connector/connector_hpc.go:139.16,141.3 1 1
github.com/UFFeScience/akoflow/internal/infrastructure/slurm/connector/connector_hpc.go:143.2,143.21 1 0
github.com/UFFeScience/akoflow/internal/infrastructure/slurm/connector/connector_hpc.go:146.36,148.2 1 1
github.com/UFFeScience/akoflow/internal/infrastructure/slurm/connector/connector_hpc.go:150.74,155.35 3 1
github.com/UFFeScience/akoflow/internal/infrastructure/slurm/connector/connector_hpc.go:155.35,157.27 2 1
github.com/UFFeScience/akoflow/internal/infrastructure/slurm/connector/connector_hpc.go:157.27,168.18 7 1
github.com/UFFeScience/akoflow/internal/infrastructure/slurm/connector/connector_hpc.go:168.18,170.5 1 1
github.com/UFFeScience/akoflow/internal/infrastructure/slurm/connector/connector_hpc.go:172.4,174.31 2 1
github.com/UFFeScience/akoflow/internal/infrastructure/slurm/connector/connector_hpc.go:179.2,183.34 3 1
github.com/UFFeScience/akoflow/internal/infrastructure/slurm/connector/connector_hpc.go:183.34,185.3 1 1
github.com/UFFeScience/akoflow/internal/infrastructure/slurm/connector/connector_hpc.go:188.90,190.2 1 1
github.com/UFFeScience/akoflow/internal/infrastructure/slurm/connector/connector_hpc.go:192.100,200.16 6 1
github.com/UFFeScience/akoflow/internal/infrastructure/slurm/connector/connector_hpc.go:200.16,202.3 1 1
github.com/UFFeScience/akoflow/internal/infrastructure/slurm/connector/connector_hpc.go:204.2,204.28 1 1
github.com/UFFeScience/akoflow/internal/infrastructure/slurm/connector/connector_hpc.go:208.62,210.16 2 1
github.com/UFFeScience/akoflow/internal/infrastructure/slurm/connector/connector_hpc.go:210.16,212.3 1 0
github.com/UFFeScience/akoflow/internal/infrastructure/slurm/connector/connector_hpc.go:214.2,214.21 1 1
github.com/UFFeScience/akoflow/internal/infrastructure/slurm/connector/connector_hpc.go:214.21,216.3 1 1
github.com/UFFeScience/akoflow/internal/infrastructure/slurm/connector/connector_hpc.go:218.2,218.19 1 0
github.com/UFFeScience/akoflow/internal/infrastructure/slurm/connector/connector_hpc.go:221.69,228.36 6 1
github.com/UFFeScience/akoflow/internal/infrastructure/slurm/connector/connector_hpc.go:228.36,230.3 1 0
github.com/UFFeScience/akoflow/internal/infrastructure/slurm/connector/connector_hpc.go:232.2,235.36 3 1
github.com/UFFeScience/akoflow/internal/infrastructure/slurm/connector/connector_hpc.go:238.33,239.49 1 1
github.com/UFFeScience/akoflow/internal/infrastructure/slurm/connector/connector_hpc.go:239.49,241.3 1 1
github.com/UFFeScience/akoflow/internal/infrastructure/slurm/connector/connector_hpc.go:242.2,242.13 1 0
github.com/UFFeScience/akoflow/internal/infrastructure/slurm/runtime/hpc_runtime_service/hpc_runtime_service.go:33.83,36.2 2 1
github.com/UFFeScience/akoflow/internal/infrastructure/slurm/runtime/hpc_runtime_service/hpc_runtime_service.go:38.83,41.2 2 1
github.com/UFFeScience/akoflow/internal/infrastructure/slurm/runtime/hpc_runtime_service/hpc_runtime_service.go:43.31,53.2 1 0
github.com/UFFeScience/akoflow/internal/infrastructure/slurm/runtime/hpc_runtime_service/hpc_runtime_service.go:55.77,59.16 3 1
github.com/UFFeScience/akoflow/internal/infrastructure/slurm/runtime/hpc_runtime_service/hpc_runtime_service.go:59.16,62.3 2 1
github.com/UFFeScience/akoflow/internal/infrastructure/slurm/runtime/hpc_runtime_service/hpc_runtime_service.go:64.2,64.53 1 1
github.com/UFFeScience/akoflow/internal/infrastructure/slurm/runtime/hpc_runtime_service/hpc_runtime_service.go:64.53,67.3 2 1
github.com/UFFeScience/akoflow/internal/infrastructure/slurm/runtime/hpc_runtime_service/hpc_runtime_service.go:69.2,69.52 1 1
github.com/UFFeScience/akoflow/internal/infrastructure/slurm/runtime/hpc_runtime_service/hpc_runtime_service.go:69.52,72.3 2 0
github.com/UFFeScience/akoflow/internal/infrastructure/slurm/runtime/hpc_runtime_service/hpc_runtime_service.go:74.2,75.16 2 1
github.com/UFFeScience/akoflow/internal/infrastructure/slurm/runtime/hpc_runtime_service/hpc_runtime_service.go:75.16,78.3 2 1
github.com/UFFeScience/akoflow/internal/infrastructure/slurm/runtime/hpc_runtime_service/hpc_runtime_service.go:80.2,90.16 5 1
github.com/UFFeScience/akoflow/internal/infrastructure/slurm/runtime/hpc_runtime_service/hpc_runtime_service.go:90.16,93.3 2 1
github.com/UFFeScience/akoflow/internal/infrastructure/slurm/runtime/hpc_runtime_service/hpc_runtime_service.go:95.2,95.16 1 1
github.com/UFFeScience/akoflow/internal/infrastructure/slurm/runtime/hpc_runtime_service/hpc_runtime_service.go:95.16,98.3 2 1
github.com/UFFeScience/akoflow/internal/infrastructure/slurm/runtime/hpc_runtime_service/hpc_runtime_service.go:100.2,104.16 3 1
github.com/UFFeScience/akoflow/internal/infrastructure/slurm/runtime/hpc_runtime_service/hpc_runtime_service.go:104.16,107.3 2 0
github.com/UFFeScience/akoflow/internal/infrastructure/slurm/runtime/hpc_runtime_service/hpc_runtime_service.go:109.2,113.16 3 1
github.com/UFFeScience/akoflow/internal/infrastructure/slurm/runtime/hpc_runtime_service/hpc_runtime_service.go:113.16,116.3 2 1
github.com/UFFeScience/akoflow/internal/infrastructure/slurm/runtime/hpc_runtime_service/hpc_runtime_service.go:118.2,121.16 3 1
github.com/UFFeScience/akoflow/internal/infrastructure/slurm/runtime/hpc_runtime_service/hpc_runtime_service.go:121.16,124.3 2 1
github.com/UFFeScience/akoflow/internal/infrastructure/slurm/runtime/hpc_runtime_service/hpc_runtime_service.go:126.2,128.15 2 1
github.com/UFFeScience/akoflow/internal/infrastructure/slurm/runtime/hpc_runtime_service/hpc_runtime_service.go:132.130,138.2 3 0
github.com/UFFeScience/akoflow/internal/infrastructure/slurm/runtime/hpc_runtime_service/hpc_runtime_service.go:140.110,142.2 1 0
github.com/UFFeScience/akoflow/internal/infrastructure/slurm/runtime/hpc_runtime_service/hpc_runtime_service.go:144.78,149.16 4 1
github.com/UFFeScience/akoflow/internal/infrastructure/slurm/runtime/hpc_runtime_service/hpc_runtime_service.go:149.16,152.3 2 0
github.com/UFFeScience/akoflow/internal/infrastructure/slurm/runtime/hpc_runtime_service/hpc_runtime_service.go:154.2,154.33 1 1
github.com/UFFeScience/akoflow/internal/infrastructure/slurm/runtime/hpc_runtime_service/hpc_runtime_service.go:154.33,156.17 2 0
github.com/UFFeScience/akoflow/internal/infrastructure/slurm/runtime/hpc_runtime_service/hpc_runtime_service.go:156.17,159.4 2 0
github.com/UFFeScience/akoflow/internal/infrastructure/slurm/runtime/hpc_runtime_service/hpc_runtime_service.go:161.3,179.44 5 0
github.com/UFFeScience/akoflow/internal/infrastructure/slurm/runtime/hpc_runtime_service/hpc_runtime_service.go:182.2,182.57 1 1
github.com/UFFeScience/akoflow/internal/infrastructure/slurm/runtime/hpc_runtime_service/hpc_runtime_service.go:186.80,193.26 4 1
github.com/UFFeScience/akoflow/internal/infrastructure/slurm/runtime/hpc_runtime_service/hpc_runtime_service.go:193.26,195.3 1 1
github.com/UFFeScience/akoflow/internal/infrastructure/slurm/runtime/hpc_runtime_service/hpc_runtime_service.go:197.2,197.24 1 1
github.com/UFFeScience/akoflow/internal/infrastructure/slurm/runtime/hpc_runtime_service/hpc_runtime_service.go:200.97,204.34 3 1
github.com/UFFeScience/akoflow/internal/infrastructure/slurm/runtime/hpc_runtime_service/hpc_runtime_service.go:204.34,206.3 1 1
github.com/UFFeScience/akoflow/internal/infrastructure/slurm/runtime/hpc_runtime_service/hpc_runtime_service.go:208.2,209.52 2 1
github.com/UFFeScience/akoflow/internal/infrastructure/slurm/runtime/hpc_runtime_service/hpc_runtime_service.go:209.52,210.47 1 1
github.com/UFFeScience/akoflow/internal/infrastructure/slurm/runtime/hpc_runtime_service/hpc_runtime_service.go:210.47,211.12 1 0
github.com/UFFeScience/akoflow/internal/infrastructure/slurm/runtime/hpc_runtime_service/hpc_runtime_service.go:214.3,214.52 1 1
github.com/UFFeScience/akoflow/internal/infrastructure/slurm/runtime/hpc_runtime_service/hpc_runtime_service.go:214.52,215.12 1 0
github.com/UFFeScience/akoflow/internal/infrastructure/slurm/runtime/hpc_runtime_service/hpc_runtime_service.go:218.3,218.50 1 1
github.com/UFFeScience/akoflow/internal/infrastructure/slurm/runtime/hpc_runtime_service/hpc_runtime_service.go:218.50,220.4 1 1
github.com/UFFeScience/akoflow/internal/infrastructure/slurm/runtime/hpc_runtime_service/hpc_runtime_service.go:223.2,223.16 1 1
github.com/UFFeScience/akoflow/internal/infrastructure/slurm/runtime/hpc_runtime_service/hpc_runtime_service.go:223.16,225.3 1 1
github.com/UFFeScience/akoflow/internal/infrastructure/slurm/runtime/hpc_runtime_service/hpc_runtime_service.go:227.2,227.13 1 1
github.com/UFFeScience/akoflow/internal/infrastructure/slurm/runtime/hpc_runtime_service/hpc_runtime_service.go:230.103,234.59 3 1
github.com/UFFeScience/akoflow/internal/infrastructure/slurm/runtime/hpc_runtime_service/hpc_runtime_service.go:234.59,236.3 1 0
github.com/UFFeScience/akoflow/internal/infrastructure/slurm/runtime/hpc_runtime_service/hpc_runtime_service.go:238.2,238.23 1 1
github.com/UFFeScience/akoflow/internal/infrastructure/slurm/runtime/hpc_runtime_service/hpc_runtime_service.go:238.23,240.3 1 0
github.com/UFFeScience/akoflow/internal/infrastructure/slurm/runtime/hpc_runtime_service/hpc_runtime_service.go:242.2,243.16 2 1
github.com/UFFeScience/akoflow/internal/infrastructure/slurm/runtime/hpc_runtime_service/hpc_runtime_service.go:243.16,246.3 2 1
github.com/UFFeScience/akoflow/internal/infrastructure/slurm/runtime/hpc_runtime_service/hpc_runtime_service.go:248.2,249.27 2 1
github.com/UFFeScience/akoflow/internal/infrastructure/slurm/runtime/hpc_runtime_service/hpc_runtime_service.go:249.27,251.3 1 0
github.com/UFFeScience/akoflow/internal/infrastructure/slurm/runtime/hpc_runtime_service/hpc_runtime_service.go:253.2,255.16 3 1
github.com/UFFeScience/akoflow/internal/infrastructure/slurm/runtime/hpc_runtime_service/hpc_runtime_service.go:255.16,258.3 2 0
github.com/UFFeScience/akoflow/internal/infrastructure/slurm/runtime/hpc_runtime_service/hpc_runtime_service.go:260.2,261.61 2 1
github.com/UFFeScience/akoflow/internal/infrastructure/slurm/runtime/hpc_runtime_service/hpc_runtime_service.go:261.61,262.21 1 1
github.com/UFFeScience/akoflow/internal/infrastructure/slurm/runtime/hpc_runtime_service/hpc_runtime_service.go:262.21,263.12 1 0
github.com/UFFeScience/akoflow/internal/infrastructure/slurm/runtime/hpc_runtime_service/hpc_runtime_service.go:266.3,267.17 2 1
github.com/UFFeScience/akoflow/internal/infrastructure/slurm/runtime/hpc_runtime_service/hpc_runtime_service.go:267.17,268.12 1 0
github.com/UFFeScience/akoflow/internal/infrastructure/slurm/runtime/hpc_runtime_service/hpc_runtime_service.go:271.3,271.46 1 1
github.com/UFFeScience/akoflow/internal/infrastructure/slurm/runtime/hpc_runtime_service/hpc_runtime_service.go:274.2,274.27 1 1
github.com/UFFeScience/akoflow/internal/infrastructure/slurm/runtime/hpc_runtime_service/hpc_runtime_service.go:277.120,282.62 3 1
github.com/UFFeScience/akoflow/internal/infrastructure/slurm/runtime/hpc_runtime_service/hpc_runtime_service.go:282.62,284.3 1 0
github.com/UFFeScience/akoflow/internal/infrastructure/slurm/runtime/hpc_runtime_service/hpc_runtime_service.go:286.2,286.61 1 1
github.com/UFFeScience/akoflow/internal/infrastructure/slurm/runtime/hpc_runtime_service/hpc_runtime_service.go:286.61,288.3 1 0
github.com/UFFeScience/akoflow/internal/infrastructure/slurm/runtime/hpc_runtime_service/hpc_runtime_service.go:290.2,290.35 1 1
github.com/UFFeScience/akoflow/internal/infrastructure/slurm/runtime/hpc_runtime_service/hpc_runtime_service.go:290.35,293.3 2 0
github.com/UFFeScience/akoflow/internal/infrastructure/slurm/runtime/hpc_runtime_service/hpc_runtime_service.go:295.2,297.13 3 1
github.com/UFFeScience/akoflow/internal/infrastructure/slurm/runtime/hpc_runtime_service/hpc_runtime_service.go:301.57,304.20 3 1
github.com/UFFeScience/akoflow/internal/infrastructure/slurm/runtime/hpc_runtime_service/hpc_runtime_service.go:304.20,306.3 1 1
github.com/UFFeScience/akoflow/internal/infrastructure/slurm/runtime/hpc_runtime_service/hpc_runtime_service.go:307.2,307.22 1 1
github.com/UFFeScience/akoflow/internal/infrastructure/slurm/runtime/hpc_runtime_service/hpc_runtime_service.go:310.66,314.16 3 1
github.com/UFFeScience/akoflow/internal/infrastructure/slurm/runtime/hpc_runtime_service/hpc_runtime_service.go:314.16,317.3 2 1
github.com/UFFeScience/akoflow/internal/infrastructure/slurm/runtime/hpc_runtime_service/hpc_runtime_service.go:318.2,318.16 1 1
github.com/UFFeScience/akoflow/internal/infrastructure/slurm/runtime/hpc_runtime_service/hpc_runtime_service.go:318.16,321.3 2 1
github.com/UFFeScience/akoflow/internal/infrastructure/slurm/runtime/hpc_runtime_service/hpc_runtime_service.go:323.2,325.16 2 1
github.com/UFFeScience/akoflow/internal/infrastructure/slurm/runtime/hpc_runtime_service/hpc_runtime_service.go:325.16,328.3 2 1
github.com/UFFeScience/akoflow/internal/infrastructure/slurm/runtime/hpc_runtime_service/hpc_runtime_service.go:330.2,330.20 1 1
github.com/UFFeScience/akoflow/internal/infrastructure/slurm/runtime/hpc_runtime_service/hpc_runtime_service.go:330.20,333.3 2 0
github.com/UFFeScience/akoflow/internal/infrastructure/slurm/runtime/hpc_runtime_service/hpc_runtime_service.go:335.2,338.16 3 1
github.com/UFFeScience/akoflow/internal/infrastructure/slurm/runtime/hpc_runtime_service/hpc_runtime_service.go:338.16,342.3 3 1
github.com/UFFeScience/akoflow/internal/infrastructure/slurm/runtime/hpc_runtime_service/hpc_runtime_service.go:344.2,344.52 1 1
github.com/UFFeScience/akoflow/internal/infrastructure/slurm/runtime/hpc_runtime_service/hpc_runtime_service.go:344.52,348.3 3 1
github.com/UFFeScience/akoflow/internal/infrastructure/slurm/runtime/hpc_runtime_service/hpc_runtime_service.go:350.2,352.13 2 1
github.com/UFFeScience/akoflow/internal/infrastructure/slurm/runtime/hpc_runtime_service/make_sbatch_hpc_activity_service.go:14.83,18.2 1 1
github.com/UFFeScience/akoflow/internal/infrastructure/slurm/runtime/hpc_runtime_service/make_sbatch_hpc_activity_service.go:25.131,28.2 2 1
github.com/UFFeScience/akoflow/internal/infrastructure/slurm/runtime/hpc_runtime_service/make_sbatch_hpc_activity_service.go:30.125,33.2 2 1
github.com/UFFeScience/akoflow/internal/infrastructure/slurm/runtime/hpc_runtime_service/make_sbatch_hpc_activity_service.go:35.77,37.2 1 1
github.com/UFFeScience/akoflow/internal/infrastructure/slurm/runtime/hpc_runtime_service/make_sbatch_hpc_activity_service.go:38.73,42.29 2 1
github.com/UFFeScience/akoflow/internal/infrastructure/slurm/runtime/hpc_runtime_service/make_sbatch_hpc_activity_service.go:42.29,44.28 2 0
github.com/UFFeScience/akoflow/internal/infrastructure/slurm/runtime/hpc_runtime_service/make_sbatch_hpc_activity_service.go:44.28,47.4 2 0
github.com/UFFeScience/akoflow/internal/infrastructure/slurm/runtime/hpc_runtime_service/make_sbatch_hpc_activity_service.go:48.3,48.33 1 0
github.com/UFFeScience/akoflow/internal/infrastructure/slurm/runtime/hpc_runtime_service/make_sbatch_hpc_activity_service.go:51.2,52.16 2 1
github.com/UFFeScience/akoflow/internal/infrastructure/slurm/runtime/hpc_runtime_service/make_sbatch_hpc_activity_service.go:52.16,55.3 2 1
github.com/UFFeScience/akoflow/internal/infrastructure/slurm/runtime/hpc_runtime_service/make_sbatch_hpc_activity_service.go:56.2,57.23 2 1
github.com/UFFeScience/akoflow/internal/infrastructure/slurm/runtime/hpc_runtime_service/make_sbatch_hpc_activity_service.go:60.149,64.27 3 1
github.com/UFFeScience/akoflow/internal/infrastructure/slurm/runtime/hpc_runtime_service/make_sbatch_hpc_activity_service.go:64.27,66.3 1 1
github.com/UFFeScience/akoflow/internal/infrastructure/slurm/runtime/hpc_runtime_service/make_sbatch_hpc_activity_service.go:68.2,105.16 29 1
github.com/UFFeScience/akoflow/internal/infrastructure/kubernetes/runtime/kubernetes_runtime_service/apply_job_distributed_service.go:26.65,38.2 1 0
github.com/UFFeScience/akoflow/internal/infrastructure/kubernetes/runtime/kubernetes_runtime_service/apply_job_distributed_service.go:40.74,44.17 3 0
github.com/UFFeScience/akoflow/internal/infrastructure/kubernetes/runtime/kubernetes_runtime_service/apply_job_distributed_service.go:44.17,47.3 2 0
github.com/UFFeScience/akoflow/internal/infrastructure/kubernetes/runtime/kubernetes_runtime_service/apply_job_distributed_service.go:49.2,49.17 1 0
github.com/UFFeScience/akoflow/internal/infrastructure/kubernetes/runtime/kubernetes_runtime_service/apply_job_distributed_service.go:49.17,52.3 2 0
github.com/UFFeScience/akoflow/internal/infrastructure/kubernetes/runtime/kubernetes_runtime_service/apply_job_distributed_service.go:54.2,54.58 1 0
github.com/UFFeScience/akoflow/internal/infrastructure/kubernetes/runtime/kubernetes_runtime_service/apply_job_distributed_service.go:54.58,57.3 2 0
github.com/UFFeScience/akoflow/internal/infrastructure/kubernetes/runtime/kubernetes_runtime_service/apply_job_distributed_service.go:59.2,64.99 4 0
github.com/UFFeScience/akoflow/internal/infrastructure/kubernetes/runtime/kubernetes_runtime_service/apply_job_distributed_service.go:68.142,79.16 3 0
github.com/UFFeScience/akoflow/internal/infrastructure/kubernetes/runtime/kubernetes_runtime_service/apply_job_distributed_service.go:79.16,81.3 1 0
github.com/UFFeScience/akoflow/internal/infrastructure/kubernetes/runtime/kubernetes_runtime_service/apply_job_distributed_service.go:83.2,93.16 4 0
github.com/UFFeScience/akoflow/internal/infrastructure/kubernetes/runtime/kubernetes_runtime_service/apply_job_distributed_service.go:93.16,96.3 2 0
github.com/UFFeScience/akoflow/internal/infrastructure/kubernetes/runtime/kubernetes_runtime_service/apply_job_distributed_service.go:98.2,100.21 2 0
github.com/UFFeScience/akoflow/internal/infrastructure/kubernetes/runtime/kubernetes_runtime_service/apply_job_service.go:8.43,14.2 1 0
github.com/UFFeScience/akoflow/internal/infrastructure/kubernetes/runtime/kubernetes_runtime_service/apply_job_service.go:16.62,18.2 1 0
github.com/UFFeScience/akoflow/internal/infrastructure/kubernetes/runtime/kubernetes_runtime_service/apply_job_service.go:20.63,22.2 1 0
github.com/UFFeScience/akoflow/internal/infrastructure/kubernetes/runtime/kubernetes_runtime_service/apply_job_standalone_service.go:27.63,40.2 1 0
github.com/UFFeScience/akoflow/internal/infrastructure/kubernetes/runtime/kubernetes_runtime_service/apply_job_standalone_service.go:42.72,46.16 3 0
github.com/UFFeScience/akoflow/internal/infrastructure/kubernetes/runtime/kubernetes_runtime_service/apply_job_standalone_service.go:46.16,49.3 2 0
github.com/UFFeScience/akoflow/internal/infrastructure/kubernetes/runtime/kubernetes_runtime_service/apply_job_standalone_service.go:50.2,50.58 1 0
github.com/UFFeScience/akoflow/internal/infrastructure/kubernetes/runtime/kubernetes_runtime_service/apply_job_standalone_service.go:50.58,53.3 2 0
github.com/UFFeScience/akoflow/internal/infrastructure/kubernetes/runtime/kubernetes_runtime_service/apply_job_standalone_service.go:55.2,60.99 4 0
github.com/UFFeScience/akoflow/internal/infrastructure/kubernetes/runtime/kubernetes_runtime_service/apply_job_standalone_service.go:63.141,81.16 7 0
github.com/UFFeScience/akoflow/internal/infrastructure/kubernetes/runtime/kubernetes_runtime_service/apply_job_standalone_service.go:81.16,83.3 1 0
github.com/UFFeScience/akoflow/internal/infrastructure/kubernetes/runtime/kubernetes_runtime_service/apply_job_standalone_service.go:85.2,90.16 4 0
github.com/UFFeScience/akoflow/internal/infrastructure/kubernetes/runtime/kubernetes_runtime_service/apply_job_standalone_service.go:90.16,93.3 2 0
github.com/UFFeScience/akoflow/internal/infrastructure/kubernetes/runtime/kubernetes_runtime_service/apply_job_standalone_service.go:95.2,97.21 2 0
github.com/UFFeScience/akoflow/internal/infrastructure/kubernetes/runtime/kubernetes_runtime_service/create_namespace_service.go:21.57,27.2 1 0
github.com/UFFeScience/akoflow/internal/infrastructure/kubernetes/runtime/kubernetes_runtime_service/create_namespace_service.go:29.167,31.2 1 0
github.com/UFFeScience/akoflow/internal/infrastructure/kubernetes/runtime/kubernetes_runtime_service/create_namespace_service.go:33.173,36.16 2 0
github.com/UFFeScience/akoflow/internal/infrastructure/kubernetes/runtime/kubernetes_runtime_service/create_namespace_service.go:36.16,38.3 1 0
github.com/UFFeScience/akoflow/internal/infrastructure/kubernetes/runtime/kubernetes_runtime_service/create_namespace_service.go:40.2,42.16 2 0
github.com/UFFeScience/akoflow/internal/infrastructure/kubernetes/runtime/kubernetes_runtime_service/create_namespace_service.go:42.16,45.3 2 0
github.com/UFFeScience/akoflow/internal/infrastructure/kubernetes/runtime/kubernetes_runtime_service/create_namespace_service.go:47.2,47.36 1 0
github.com/UFFeScience/akoflow/internal/infrastructure/kubernetes/runtime/kubernetes_runtime_service/create_namespace_service.go:50.168,53.16 2 0
github.com/UFFeScience/akoflow/internal/infrastructure/kubernetes/runtime/kubernetes_runtime_service/create_namespace_service.go:53.16,55.3 1 0
github.com/UFFeScience/akoflow/internal/infrastructure/kubernetes/runtime/kubernetes_runtime_service/create_namespace_service.go:57.2,59.16 2 0
github.com/UFFeScience/akoflow/internal/infrastructure/kubernetes/runtime/kubernetes_runtime_service/create_namespace_service.go:59.16,62.3 2 0
github.com/UFFeScience/akoflow/internal/infrastructure/kubernetes/runtime/kubernetes_runtime_service/create_namespace_service.go:64.2,64.30 1 0
github.com/UFFeScience/akoflow/internal/infrastructure/kubernetes/runtime/kubernetes_runtime_service/create_nfs_service.go:28.45,35.2 1 0
github.com/UFFeScience/akoflow/internal/infrastructure/kubernetes/runtime/kubernetes_runtime_service/create_nfs_service.go:37.93,40.2 2 1
github.com/UFFeScience/akoflow/internal/infrastructure/kubernetes/runtime/kubernetes_runtime_service/create_nfs_service.go:42.120,45.2 2 1
github.com/UFFeScience/akoflow/internal/infrastructure/kubernetes/runtime/kubernetes_runtime_service/create_nfs_service.go:47.77,48.40 1 1
github.com/UFFeScience/akoflow/internal/infrastructure/kubernetes/runtime/kubernetes_runtime_service/create_nfs_service.go:48.40,51.3 2 1
github.com/UFFeScience/akoflow/internal/infrastructure/kubernetes/runtime/kubernetes_runtime_service/create_nfs_service.go:53.2,54.10 2 1
github.com/UFFeScience/akoflow/internal/infrastructure/kubernetes/runtime/kubernetes_runtime_service/create_nfs_service.go:57.67,59.2 1 1
github.com/UFFeScience/akoflow/internal/infrastructure/kubernetes/runtime/kubernetes_runtime_service/create_nfs_service.go:61.94,63.2 1 1
github.com/UFFeScience/akoflow/internal/infrastructure/kubernetes/runtime/kubernetes_runtime_service/create_nfs_service.go:65.57,67.2 1 1
github.com/UFFeScience/akoflow/internal/infrastructure/kubernetes/runtime/kubernetes_runtime_service/create_nfs_service.go:69.50,71.2 1 1
github.com/UFFeScience/akoflow/internal/infrastructure/kubernetes/runtime/kubernetes_runtime_service/create_nfs_service.go:73.84,84.2 2 1
github.com/UFFeScience/akoflow/internal/infrastructure/kubernetes/runtime/kubernetes_runtime_service/create_nfs_service.go:86.70,119.2 2 1
github.com/UFFeScience/akoflow/internal/infrastructure/kubernetes/runtime/kubernetes_runtime_service/create_nfs_service.go:121.98,141.2 2 1
github.com/UFFeScience/akoflow/internal/infrastructure/kubernetes/runtime/kubernetes_runtime_service/create_nfs_service.go:143.52,145.2 1 1
github.com/UFFeScience/akoflow/internal/infrastructure/kubernetes/runtime/kubernetes_runtime_service/create_nfs_service.go:147.76,239.2 2 1
github.com/UFFeScience/akoflow/internal/infrastructure/kubernetes/runtime/kubernetes_runtime_service/create_nfs_service.go:241.78,285.2 2 1
github.com/UFFeScience/akoflow/internal/infrastructure/kubernetes/runtime/kubernetes_runtime_service/create_nfs_service.go:287.92,310.2 2 1
github.com/UFFeScience/akoflow/internal/infrastructure/kubernetes/runtime/kubernetes_runtime_service/create_nfs_service.go:312.64,330.2 2 1
github.com/UFFeScience/akoflow/internal/infrastructure/kubernetes/runtime/kubernetes_runtime_service/create_nfs_service.go:332.78,355.2 2 1
github.com/UFFeScience/akoflow/internal/infrastructure/kubernetes/runtime/kubernetes_runtime_service/create_nfs_service.go:357.80,371.2 2 1
github.com/UFFeScience/akoflow/internal/infrastructure/kubernetes/runtime/kubernetes_runtime_service/create_nfs_service.go:373.42,378.16 3 1
github.com/UFFeScience/akoflow/internal/infrastructure/kubernetes/runtime/kubernetes_runtime_service/create_nfs_service.go:378.16,380.3 1 1
github.com/UFFeScience/akoflow/internal/infrastructure/kubernetes/runtime/kubernetes_runtime_service/create_nfs_service.go:383.2,385.35 3 1
github.com/UFFeScience/akoflow/internal/infrastructure/kubernetes/runtime/kubernetes_runtime_service/create_nfs_service.go:385.35,388.3 1 1
github.com/UFFeScience/akoflow/internal/infrastructure/kubernetes/runtime/kubernetes_runtime_service/create_nfs_service.go:389.2,394.28 4 1
github.com/UFFeScience/akoflow/internal/infrastructure/kubernetes/runtime/kubernetes_runtime_service/create_nfs_service.go:394.28,397.3 1 1
github.com/UFFeScience/akoflow/internal/infrastructure/kubernetes/runtime/kubernetes_runtime_service/create_nfs_service.go:398.2,403.24 4 1
github.com/UFFeScience/akoflow/internal/infrastructure/kubernetes/runtime/kubernetes_runtime_service/create_nfs_service.go:403.24,406.3 1 1
github.com/UFFeScience/akoflow/internal/infrastructure/kubernetes/runtime/kubernetes_runtime_service/create_nfs_service.go:407.2,412.31 4 1
github.com/UFFeScience/akoflow/internal/infrastructure/kubernetes/runtime/kubernetes_runtime_service/create_nfs_service.go:412.31,415.3 1 1
github.com/UFFeScience/akoflow/internal/infrastructure/kubernetes/runtime/kubernetes_runtime_service/create_nfs_service.go:416.2,421.32 4 1
github.com/UFFeScience/akoflow/internal/infrastructure/kubernetes/runtime/kubernetes_runtime_service/create_nfs_service.go:421.32,424.3 1 1
github.com/UFFeScience/akoflow/internal/infrastructure/kubernetes/runtime/kubernetes_runtime_service/create_nfs_service.go:425.2,430.39 4 1
github.com/UFFeScience/akoflow/internal/infrastructure/kubernetes/runtime/kubernetes_runtime_service/create_nfs_service.go:430.39,432.3 1 1
github.com/UFFeScience/akoflow/internal/infrastructure/kubernetes/runtime/kubernetes_runtime_service/create_nfs_service.go:433.2,438.25 4 1
github.com/UFFeScience/akoflow/internal/infrastructure/kubernetes/runtime/kubernetes_runtime_service/create_nfs_service.go:438.25,441.3 1 1
github.com/UFFeScience/akoflow/internal/infrastructure/kubernetes/runtime/kubernetes_runtime_service/create_nfs_service.go:442.2,447.32 4 1
github.com/UFFeScience/akoflow/internal/infrastructure/kubernetes/runtime/kubernetes_runtime_service/create_nfs_service.go:447.32,450.3 1 1
github.com/UFFeScience/akoflow/internal/infrastructure/kubernetes/runtime/kubernetes_runtime_service/create_nfs_service.go:451.2,456.33 4 1
github.com/UFFeScience/akoflow/internal/infrastructure/kubernetes/runtime/kubernetes_runtime_service/create_nfs_service.go:456.33,458.3 1 1
github.com/UFFeScience/akoflow/internal/infrastructure/kubernetes/runtime/kubernetes_runtime_service/create_nfs_service.go:459.2,461.13 2 1
github.com/UFFeScience/akoflow/internal/infrastructure/kubernetes/runtime/kubernetes_runtime_service/create_nfs_service.go:465.54,469.16 3 1
github.com/UFFeScience/akoflow/internal/infrastructure/kubernetes/runtime/kubernetes_runtime_service/create_nfs_service.go:469.16,471.3 1 1
github.com/UFFeScience/akoflow/internal/infrastructure/kubernetes/runtime/kubernetes_runtime_service/create_nfs_service.go:473.2,476.26 3 1
github.com/UFFeScience/akoflow/internal/infrastructure/kubernetes/runtime/kubernetes_runtime_service/create_nfs_service.go:476.26,479.3 2 0
github.com/UFFeScience/akoflow/internal/infrastructure/kubernetes/runtime/kubernetes_runtime_service/create_nfs_service.go:481.2,481.29 1 1
github.com/UFFeScience/akoflow/internal/infrastructure/kubernetes/runtime/kubernetes_runtime_service/create_nfs_service.go:481.29,483.3 1 0
github.com/UFFeScience/akoflow/internal/infrastructure/kubernetes/runtime/kubernetes_runtime_service/create_nfs_service.go:485.2,485.13 1 1
github.com/UFFeScience/akoflow/internal/infrastructure/kubernetes/runtime/kubernetes_runtime_service/create_pvc_service.go:22.45,29.2 1 0
github.com/UFFeScience/akoflow/internal/infrastructure/kubernetes/runtime/kubernetes_runtime_service/create_pvc_service.go:31.183,38.16 4 1
github.com/UFFeScience/akoflow/internal/infrastructure/kubernetes/runtime/kubernetes_runtime_service/create_pvc_service.go:38.16,41.3 2 1
github.com/UFFeScience/akoflow/internal/infrastructure/kubernetes/runtime/kubernetes_runtime_service/create_pvc_service.go:43.2,43.36 1 1
github.com/UFFeScience/akoflow/internal/infrastructure/kubernetes/runtime/kubernetes_runtime_service/create_pvc_service.go:43.36,45.3 1 1
github.com/UFFeScience/akoflow/internal/infrastructure/kubernetes/runtime/kubernetes_runtime_service/create_pvc_service.go:45.8,47.3 1 1
github.com/UFFeScience/akoflow/internal/infrastructure/kubernetes/runtime/kubernetes_runtime_service/create_pvc_service.go:49.2,49.16 1 1
github.com/UFFeScience/akoflow/internal/infrastructure/kubernetes/runtime/kubernetes_runtime_service/create_pvc_service.go:49.16,52.3 2 1
github.com/UFFeScience/akoflow/internal/infrastructure/kubernetes/runtime/kubernetes_runtime_service/create_pvc_service.go:54.2,60.31 2 1
github.com/UFFeScience/akoflow/internal/infrastructure/kubernetes/runtime/kubernetes_runtime_service/create_pvc_service.go:63.174,69.16 4 1
github.com/UFFeScience/akoflow/internal/infrastructure/kubernetes/runtime/kubernetes_runtime_service/create_pvc_service.go:69.16,72.3 2 0
github.com/UFFeScience/akoflow/internal/infrastructure/kubernetes/runtime/kubernetes_runtime_service/create_pvc_service.go:74.2,74.36 1 1
github.com/UFFeScience/akoflow/internal/infrastructure/kubernetes/runtime/kubernetes_runtime_service/create_pvc_service.go:74.36,83.3 1 1
github.com/UFFeScience/akoflow/internal/infrastructure/kubernetes/runtime/kubernetes_runtime_service/create_pvc_service.go:83.8,92.3 1 1
github.com/UFFeScience/akoflow/internal/infrastructure/kubernetes/runtime/kubernetes_runtime_service/create_pvc_service.go:94.2,94.16 1 1
github.com/UFFeScience/akoflow/internal/infrastructure/kubernetes/runtime/kubernetes_runtime_service/create_pvc_service.go:94.16,97.3 2 1
github.com/UFFeScience/akoflow/internal/infrastructure/kubernetes/runtime/kubernetes_runtime_service/create_pvc_service.go:99.2,99.28 1 1
github.com/UFFeScience/akoflow/internal/infrastructure/kubernetes/runtime/kubernetes_runtime_service/create_pvc_service.go:99.28,102.3 2 1
github.com/UFFeScience/akoflow/internal/infrastructure/kubernetes/runtime/kubernetes_runtime_service/create_pvc_service.go:104.2,110.16 2 1
github.com/UFFeScience/akoflow/internal/infrastructure/kubernetes/runtime/kubernetes_runtime_service/create_pvc_service.go:110.16,112.3 1 1
github.com/UFFeScience/akoflow/internal/infrastructure/kubernetes/runtime/kubernetes_runtime_service/create_pvc_service.go:114.2,114.30 1 1
github.com/UFFeScience/akoflow/internal/infrastructure/kubernetes/runtime/kubernetes_runtime_service/health_check_runtime_k8s_service.go:20.70,26.2 1 0
github.com/UFFeScience/akoflow/internal/infrastructure/kubernetes/runtime/kubernetes_runtime_service/health_check_runtime_k8s_service.go:28.75,30.16 2 1
github.com/UFFeScience/akoflow/internal/infrastructure/kubernetes/runtime/kubernetes_runtime_service/health_check_runtime_k8s_service.go:30.16,33.3 2 1
github.com/UFFeScience/akoflow/internal/infrastructure/kubernetes/runtime/kubernetes_runtime_service/health_check_runtime_k8s_service.go:34.2,35.23 2 1
github.com/UFFeScience/akoflow/internal/infrastructure/kubernetes/runtime/kubernetes_runtime_service/health_check_runtime_k8s_service.go:35.23,38.3 2 1
github.com/UFFeScience/akoflow/internal/infrastructure/kubernetes/runtime/kubernetes_runtime_service/health_check_runtime_k8s_service.go:39.2,41.32 3 1
github.com/UFFeScience/akoflow/internal/infrastructure/kubernetes/runtime/kubernetes_runtime_service/health_check_runtime_k8s_service.go:41.32,44.3 2 0
github.com/UFFeScience/akoflow/internal/infrastructure/kubernetes/runtime/kubernetes_runtime_service/health_check_runtime_k8s_service.go:45.2,46.16 2 1
github.com/UFFeScience/akoflow/internal/infrastructure/kubernetes/runtime/kubernetes_runtime_service/health_check_runtime_k8s_service.go:46.16,48.3 1 0
github.com/UFFeScience/akoflow/internal/infrastructure/kubernetes/runtime/kubernetes_runtime_service/health_check_runtime_k8s_service.go:49.2,49.41 1 1
github.com/UFFeScience/akoflow/internal/infrastructure/kubernetes/runtime/kubernetes_runtime_service/health_check_runtime_k8s_service.go:49.41,51.36 2 1
github.com/UFFeScience/akoflow/internal/infrastructure/kubernetes/runtime/kubernetes_runtime_service/health_check_runtime_k8s_service.go:51.36,52.12 1 0
github.com/UFFeScience/akoflow/internal/infrastructure/kubernetes/runtime/kubernetes_runtime_service/health_check_runtime_k8s_service.go:54.3,59.62 2 1
github.com/UFFeScience/akoflow/internal/infrastructure/kubernetes/runtime/kubernetes_runtime_service/health_check_runtime_k8s_service.go:59.62,61.4 1 0
github.com/UFFeScience/akoflow/internal/infrastructure/kubernetes/runtime/kubernetes_runtime_service/health_check_runtime_k8s_service.go:63.2,63.13 1 1
github.com/UFFeScience/akoflow/internal/infrastructure/kubernetes/runtime/kubernetes_runtime_service/health_check_runtime_k8s_service.go:66.81,68.16 2 1
github.com/UFFeScience/akoflow/internal/infrastructure/kubernetes/runtime/kubernetes_runtime_service/health_check_runtime_k8s_service.go:68.16,70.3 1 1
github.com/UFFeScience/akoflow/internal/infrastructure/kubernetes/runtime/kubernetes_runtime_service/health_check_runtime_k8s_service.go:71.2,72.32 2 1
github.com/UFFeScience/akoflow/internal/infrastructure/kubernetes/runtime/kubernetes_runtime_service/health_check_runtime_k8s_service.go:72.32,75.3 2 1
github.com/UFFeScience/akoflow/internal/infrastructure/kubernetes/runtime/kubernetes_runtime_service/health_check_runtime_k8s_service.go:76.2,77.23 2 1
github.com/UFFeScience/akoflow/internal/infrastructure/kubernetes/runtime/kubernetes_runtime_service/health_check_runtime_k8s_service.go:77.23,79.3 1 1
github.com/UFFeScience/akoflow/internal/infrastructure/kubernetes/runtime/kubernetes_runtime_service/health_check_runtime_k8s_service.go:80.2,80.48 1 1
github.com/UFFeScience/akoflow/internal/infrastructure/kubernetes/runtime/kubernetes_runtime_service/health_check_runtime_k8s_service.go:80.48,89.54 3 1
github.com/UFFeScience/akoflow/internal/infrastructure/kubernetes/runtime/kubernetes_runtime_service/health_check_runtime_k8s_service.go:89.54,92.4 2 0
github.com/UFFeScience/akoflow/internal/infrastructure/kubernetes/runtime/kubernetes_runtime_service/health_check_runtime_k8s_service.go:94.2,94.13 1 1
github.com/UFFeScience/akoflow/internal/infrastructure/kubernetes/runtime/kubernetes_runtime_service/kubernetes_runtime_service.go:20.38,26.2 1 0
github.com/UFFeScience/akoflow/internal/infrastructure/kubernetes/runtime/kubernetes_runtime_service/kubernetes_runtime_service.go:28.90,31.2 2 0
github.com/UFFeScience/akoflow/internal/infrastructure/kubernetes/runtime/kubernetes_runtime_service/kubernetes_runtime_service.go:33.97,36.2 2 0
github.com/UFFeScience/akoflow/internal/infrastructure/kubernetes/runtime/kubernetes_runtime_service/kubernetes_runtime_service.go:38.61,43.16 3 0
github.com/UFFeScience/akoflow/internal/infrastructure/kubernetes/runtime/kubernetes_runtime_service/kubernetes_runtime_service.go:43.16,46.3 2 0
github.com/UFFeScience/akoflow/internal/infrastructure/kubernetes/runtime/kubernetes_runtime_service/kubernetes_runtime_service.go:48.2,53.16 3 0
github.com/UFFeScience/akoflow/internal/infrastructure/kubernetes/runtime/kubernetes_runtime_service/kubernetes_runtime_service.go:53.16,55.3 1 0
github.com/UFFeScience/akoflow/internal/infrastructure/kubernetes/runtime/kubernetes_runtime_service/kubernetes_runtime_service.go:57.2,57.70 1 0
github.com/UFFeScience/akoflow/internal/infrastructure/kubernetes/runtime/kubernetes_runtime_service/kubernetes_runtime_service.go:60.99,65.2 1 0
github.com/UFFeScience/akoflow/internal/infrastructure/kubernetes/runtime/kubernetes_runtime_service/kubernetes_runtime_service.go:67.122,69.2 1 0
github.com/UFFeScience/akoflow/internal/infrastructure/kubernetes/runtime/kubernetes_runtime_service/kubernetes_runtime_service.go:71.86,74.2 2 0
github.com/UFFeScience/akoflow/internal/infrastructure/kubernetes/runtime/kubernetes_runtime_service/kubernetes_runtime_service.go:76.69,84.2 4 0
github.com/UFFeScience/akoflow/internal/infrastructure/kubernetes/runtime/kubernetes_runtime_service/make_k8s_activity_distributed_service.go:14.79,16.2 1 1
github.com/UFFeScience/akoflow/internal/infrastructure/kubernetes/runtime/kubernetes_runtime_service/make_k8s_activity_distributed_service.go:18.110,21.21 2 1
github.com/UFFeScience/akoflow/internal/infrastructure/kubernetes/runtime/kubernetes_runtime_service/make_k8s_activity_distributed_service.go:21.21,23.3 1 1
github.com/UFFeScience/akoflow/internal/infrastructure/kubernetes/runtime/kubernetes_runtime_service/make_k8s_activity_distributed_service.go:25.2,50.39 7 1
github.com/UFFeScience/akoflow/internal/infrastructure/kubernetes/runtime/kubernetes_runtime_service/make_k8s_activity_distributed_service.go:50.39,52.17 2 0
github.com/UFFeScience/akoflow/internal/infrastructure/kubernetes/runtime/kubernetes_runtime_service/make_k8s_activity_distributed_service.go:52.17,54.4 1 0
github.com/UFFeScience/akoflow/internal/infrastructure/kubernetes/runtime/kubernetes_runtime_service/make_k8s_activity_distributed_service.go:55.3,55.22 1 0
github.com/UFFeScience/akoflow/internal/infrastructure/kubernetes/runtime/kubernetes_runtime_service/make_k8s_activity_distributed_service.go:55.22,59.4 2 0
github.com/UFFeScience/akoflow/internal/infrastructure/kubernetes/runtime/kubernetes_runtime_service/make_k8s_activity_distributed_service.go:62.2,67.29 2 1
github.com/UFFeScience/akoflow/internal/infrastructure/kubernetes/runtime/kubernetes_runtime_service/make_k8s_activity_distributed_service.go:67.29,69.3 1 1
github.com/UFFeScience/akoflow/internal/infrastructure/kubernetes/runtime/kubernetes_runtime_service/make_k8s_activity_distributed_service.go:71.2,71.20 1 1
github.com/UFFeScience/akoflow/internal/infrastructure/kubernetes/runtime/kubernetes_runtime_service/make_k8s_activity_distributed_service.go:75.63,79.2 1 1
github.com/UFFeScience/akoflow/internal/infrastructure/kubernetes/runtime/kubernetes_runtime_service/make_k8s_activity_distributed_service.go:81.128,84.2 2 1
github.com/UFFeScience/akoflow/internal/infrastructure/kubernetes/runtime/kubernetes_runtime_service/make_k8s_activity_preactivity_service.go:17.79,21.2 1 1
github.com/UFFeScience/akoflow/internal/infrastructure/kubernetes/runtime/kubernetes_runtime_service/make_k8s_activity_preactivity_service.go:23.109,25.2 1 1
github.com/UFFeScience/akoflow/internal/infrastructure/kubernetes/runtime/kubernetes_runtime_service/make_k8s_activity_preactivity_service.go:27.63,32.2 1 1
github.com/UFFeScience/akoflow/internal/infrastructure/kubernetes/runtime/kubernetes_runtime_service/make_k8s_activity_preactivity_service.go:34.110,37.21 2 1
github.com/UFFeScience/akoflow/internal/infrastructure/kubernetes/runtime/kubernetes_runtime_service/make_k8s_activity_preactivity_service.go:37.21,39.3 1 1
github.com/UFFeScience/akoflow/internal/infrastructure/kubernetes/runtime/kubernetes_runtime_service/make_k8s_activity_preactivity_service.go:41.2,67.29 8 1
github.com/UFFeScience/akoflow/internal/infrastructure/kubernetes/runtime/kubernetes_runtime_service/make_k8s_activity_preactivity_service.go:67.29,69.3 1 1
github.com/UFFeScience/akoflow/internal/infrastructure/kubernetes/runtime/kubernetes_runtime_service/make_k8s_activity_preactivity_service.go:71.2,75.20 4 1
github.com/UFFeScience/akoflow/internal/infrastructure/kubernetes/runtime/kubernetes_runtime_service/make_k8s_activity_preactivity_service.go:78.128,81.2 2 1
github.com/UFFeScience/akoflow/internal/infrastructure/kubernetes/runtime/kubernetes_runtime_service/make_k8s_activity_preactivity_service.go:83.176,88.42 3 1
github.com/UFFeScience/akoflow/internal/infrastructure/kubernetes/runtime/kubernetes_runtime_service/make_k8s_activity_preactivity_service.go:88.42,98.3 2 1
github.com/UFFeScience/akoflow/internal/infrastructure/kubernetes/runtime/kubernetes_runtime_service/make_k8s_activity_preactivity_service.go:100.2,104.16 3 1
github.com/UFFeScience/akoflow/internal/infrastructure/kubernetes/runtime/kubernetes_runtime_service/make_k8s_activity_preactivity_service.go:108.190,154.2 4 1
github.com/UFFeScience/akoflow/internal/infrastructure/kubernetes/runtime/kubernetes_runtime_service/make_k8s_activity_preactivity_service.go:156.189,161.42 3 1
github.com/UFFeScience/akoflow/internal/infrastructure/kubernetes/runtime/kubernetes_runtime_service/make_k8s_activity_preactivity_service.go:161.42,167.3 2 1
github.com/UFFeScience/akoflow/internal/infrastructure/kubernetes/runtime/kubernetes_runtime_service/make_k8s_activity_preactivity_service.go:169.2,176.22 3 1
github.com/UFFeScience/akoflow/internal/infrastructure/kubernetes/runtime/kubernetes_runtime_service/make_k8s_activity_service.go:23.138,26.2 2 1
github.com/UFFeScience/akoflow/internal/infrastructure/kubernetes/runtime/kubernetes_runtime_service/make_k8s_activity_service.go:28.57,30.2 1 1
github.com/UFFeScience/akoflow/internal/infrastructure/kubernetes/runtime/kubernetes_runtime_service/make_k8s_activity_service.go:32.104,35.2 2 1
github.com/UFFeScience/akoflow/internal/infrastructure/kubernetes/runtime/kubernetes_runtime_service/make_k8s_activity_service.go:37.62,39.2 1 1
github.com/UFFeScience/akoflow/internal/infrastructure/kubernetes/runtime/kubernetes_runtime_service/make_k8s_activity_service.go:41.105,44.2 2 1
github.com/UFFeScience/akoflow/internal/infrastructure/kubernetes/runtime/kubernetes_runtime_service/make_k8s_activity_service.go:46.54,48.2 1 1
github.com/UFFeScience/akoflow/internal/infrastructure/kubernetes/runtime/kubernetes_runtime_service/make_k8s_activity_service.go:50.73,52.2 1 1
github.com/UFFeScience/akoflow/internal/infrastructure/kubernetes/runtime/kubernetes_runtime_service/make_k8s_activity_service.go:54.133,80.2 13 1
github.com/UFFeScience/akoflow/internal/infrastructure/kubernetes/runtime/kubernetes_runtime_service/make_k8s_activity_service.go:82.148,97.2 8 1
github.com/UFFeScience/akoflow/internal/infrastructure/kubernetes/runtime/kubernetes_runtime_service/make_k8s_activity_service.go:99.139,105.37 3 1
github.com/UFFeScience/akoflow/internal/infrastructure/kubernetes/runtime/kubernetes_runtime_service/make_k8s_activity_service.go:105.37,107.3 1 1
github.com/UFFeScience/akoflow/internal/infrastructure/kubernetes/runtime/kubernetes_runtime_service/make_k8s_activity_service.go:109.2,115.16 6 1
github.com/UFFeScience/akoflow/internal/infrastructure/kubernetes/runtime/kubernetes_runtime_service/make_k8s_activity_service.go:117.64,119.16 2 1
github.com/UFFeScience/akoflow/internal/infrastructure/kubernetes/runtime/kubernetes_runtime_service/make_k8s_activity_service.go:119.16,121.3 1 1
github.com/UFFeScience/akoflow/internal/infrastructure/kubernetes/runtime/kubernetes_runtime_service/make_k8s_activity_service.go:122.2,122.13 1 1
github.com/UFFeScience/akoflow/internal/infrastructure/kubernetes/runtime/kubernetes_runtime_service/make_k8s_activity_service.go:125.102,137.2 8 1
github.com/UFFeScience/akoflow/internal/infrastructure/kubernetes/runtime/kubernetes_runtime_service/make_k8s_activity_service.go:139.105,151.2 8 1
github.com/UFFeScience/akoflow/internal/infrastructure/kubernetes/runtime/kubernetes_runtime_service/make_k8s_activity_service.go:159.142,162.21 2 1
github.com/UFFeScience/akoflow/internal/infrastructure/kubernetes/runtime/kubernetes_runtime_service/make_k8s_activity_service.go:162.21,164.3 1 1
github.com/UFFeScience/akoflow/internal/infrastructure/kubernetes/runtime/kubernetes_runtime_service/make_k8s_activity_service.go:166.2,166.37 1 1
github.com/UFFeScience/akoflow/internal/infrastructure/kubernetes/runtime/kubernetes_runtime_service/make_k8s_activity_service.go:166.37,168.3 1 1
github.com/UFFeScience/akoflow/internal/infrastructure/kubernetes/runtime/kubernetes_runtime_service/make_k8s_activity_service.go:170.2,170.48 1 1
github.com/UFFeScience/akoflow/internal/infrastructure/kubernetes/runtime/kubernetes_runtime_service/make_k8s_activity_service.go:173.167,179.37 3 1
github.com/UFFeScience/akoflow/internal/infrastructure/kubernetes/runtime/kubernetes_runtime_service/make_k8s_activity_service.go:179.37,181.3 1 1
github.com/UFFeScience/akoflow/internal/infrastructure/kubernetes/runtime/kubernetes_runtime_service/make_k8s_activity_service.go:183.2,190.22 3 1
github.com/UFFeScience/akoflow/internal/infrastructure/kubernetes/runtime/kubernetes_runtime_service/make_k8s_activity_service.go:193.176,197.39 3 1
github.com/UFFeScience/akoflow/internal/infrastructure/kubernetes/runtime/kubernetes_runtime_service/make_k8s_activity_service.go:197.39,202.3 1 0
github.com/UFFeScience/akoflow/internal/infrastructure/kubernetes/runtime/kubernetes_runtime_service/make_k8s_activity_service.go:204.2,252.18 8 1
github.com/UFFeScience/akoflow/internal/infrastructure/kubernetes/runtime/kubernetes_runtime_service/make_k8s_activity_service.go:256.150,259.58 2 1
github.com/UFFeScience/akoflow/internal/infrastructure/kubernetes/runtime/kubernetes_runtime_service/make_k8s_activity_service.go:259.58,261.3 1 1
github.com/UFFeScience/akoflow/internal/infrastructure/kubernetes/runtime/kubernetes_runtime_service/make_k8s_activity_service.go:263.2,263.41 1 1
github.com/UFFeScience/akoflow/internal/infrastructure/kubernetes/runtime/kubernetes_runtime_service/make_k8s_activity_service.go:263.41,265.3 1 1
github.com/UFFeScience/akoflow/internal/infrastructure/kubernetes/runtime/kubernetes_runtime_service/make_k8s_activity_service.go:267.2,267.25 1 1
github.com/UFFeScience/akoflow/internal/infrastructure/kubernetes/runtime/kubernetes_runtime_service/make_k8s_activity_service.go:274.162,282.2 4 1
github.com/UFFeScience/akoflow/internal/infrastructure/kubernetes/runtime/kubernetes_runtime_service/make_k8s_activity_service.go:284.182,287.37 2 1
github.com/UFFeScience/akoflow/internal/infrastructure/kubernetes/runtime/kubernetes_runtime_service/make_k8s_activity_service.go:287.37,289.3 1 1
github.com/UFFeScience/akoflow/internal/infrastructure/kubernetes/runtime/kubernetes_runtime_service/make_k8s_activity_service.go:291.2,300.20 2 1
github.com/UFFeScience/akoflow/internal/infrastructure/kubernetes/runtime/kubernetes_runtime_service/make_k8s_activity_standalone_service.go:13.77,15.2 1 1
github.com/UFFeScience/akoflow/internal/infrastructure/kubernetes/runtime/kubernetes_runtime_service/make_k8s_activity_standalone_service.go:16.62,21.2 1 1
github.com/UFFeScience/akoflow/internal/infrastructure/kubernetes/runtime/kubernetes_runtime_service/make_k8s_activity_standalone_service.go:23.109,26.21 2 1
github.com/UFFeScience/akoflow/internal/infrastructure/kubernetes/runtime/kubernetes_runtime_service/make_k8s_activity_standalone_service.go:26.21,28.3 1 1
github.com/UFFeScience/akoflow/internal/infrastructure/kubernetes/runtime/kubernetes_runtime_service/make_k8s_activity_standalone_service.go:30.2,55.29 7 1
github.com/UFFeScience/akoflow/internal/infrastructure/kubernetes/runtime/kubernetes_runtime_service/make_k8s_activity_standalone_service.go:55.29,57.3 1 1
github.com/UFFeScience/akoflow/internal/infrastructure/kubernetes/runtime/kubernetes_runtime_service/make_k8s_activity_standalone_service.go:59.2,59.20 1 1
github.com/UFFeScience/akoflow/internal/infrastructure/kubernetes/runtime/kubernetes_runtime_service/make_k8s_activity_standalone_service.go:63.126,66.2 2 1
github.com/UFFeScience/akoflow/internal/infrastructure/kubernetes/runtime/kubernetes_runtime_service/make_k8s_job_service.go:42.47,55.2 1 1
github.com/UFFeScience/akoflow/internal/infrastructure/kubernetes/runtime/kubernetes_runtime_service/make_k8s_job_service.go:57.51,59.2 1 1
github.com/UFFeScience/akoflow/internal/infrastructure/kubernetes/runtime/kubernetes_runtime_service/make_k8s_job_service.go:61.46,63.2 1 1
github.com/UFFeScience/akoflow/internal/infrastructure/kubernetes/runtime/kubernetes_runtime_service/make_k8s_job_service.go:65.68,67.2 1 1
github.com/UFFeScience/akoflow/internal/infrastructure/kubernetes/runtime/kubernetes_runtime_service/make_k8s_job_service.go:70.69,73.2 2 1
github.com/UFFeScience/akoflow/internal/infrastructure/kubernetes/runtime/kubernetes_runtime_service/make_k8s_job_service.go:76.69,79.2 2 1
github.com/UFFeScience/akoflow/internal/infrastructure/kubernetes/runtime/kubernetes_runtime_service/make_k8s_job_service.go:82.68,85.2 2 1
github.com/UFFeScience/akoflow/internal/infrastructure/kubernetes/runtime/kubernetes_runtime_service/make_k8s_job_service.go:88.79,91.2 2 1
github.com/UFFeScience/akoflow/internal/infrastructure/kubernetes/runtime/kubernetes_runtime_service/make_k8s_job_service.go:94.95,98.2 3 1
github.com/UFFeScience/akoflow/internal/infrastructure/kubernetes/runtime/kubernetes_runtime_service/make_k8s_job_service.go:101.124,104.2 2 1
github.com/UFFeScience/akoflow/internal/infrastructure/kubernetes/runtime/kubernetes_runtime_service/make_k8s_job_service.go:107.78,110.2 2 1
github.com/UFFeScience/akoflow/internal/infrastructure/kubernetes/runtime/kubernetes_runtime_service/make_k8s_job_service.go:113.94,116.2 2 1
github.com/UFFeScience/akoflow/internal/infrastructure/kubernetes/runtime/kubernetes_runtime_service/make_k8s_job_service.go:119.93,121.2 1 1
github.com/UFFeScience/akoflow/internal/infrastructure/kubernetes/runtime/kubernetes_runtime_service/make_k8s_job_service.go:124.49,126.2 1 1
github.com/UFFeScience/akoflow/internal/infrastructure/kubernetes/runtime/kubernetes_runtime_service/make_k8s_job_service.go:129.57,131.2 1 1
github.com/UFFeScience/akoflow/internal/infrastructure/kubernetes/runtime/kubernetes_runtime_service/make_k8s_job_service.go:133.73,146.2 3 1
github.com/UFFeScience/akoflow/internal/infrastructure/kubernetes/runtime/kubernetes_runtime_service/monitor_get_logs_activity_service.go:24.72,34.2 1 0
github.com/UFFeScience/akoflow/internal/infrastructure/kubernetes/runtime/kubernetes_runtime_service/monitor_get_logs_activity_service.go:36.127,38.2 1 1
github.com/UFFeScience/akoflow/internal/infrastructure/kubernetes/runtime/kubernetes_runtime_service/monitor_get_logs_activity_service.go:40.143,46.16 4 1
github.com/UFFeScience/akoflow/internal/infrastructure/kubernetes/runtime/kubernetes_runtime_service/monitor_get_logs_activity_service.go:46.16,48.3 1 0
github.com/UFFeScience/akoflow/internal/infrastructure/kubernetes/runtime/kubernetes_runtime_service/monitor_get_logs_activity_service.go:50.2,51.16 2 1
github.com/UFFeScience/akoflow/internal/infrastructure/kubernetes/runtime/kubernetes_runtime_service/monitor_get_logs_activity_service.go:51.16,53.3 1 0
github.com/UFFeScience/akoflow/internal/infrastructure/kubernetes/runtime/kubernetes_runtime_service/monitor_get_logs_activity_service.go:55.2,56.16 2 1
github.com/UFFeScience/akoflow/internal/infrastructure/kubernetes/runtime/kubernetes_runtime_service/monitor_get_logs_activity_service.go:56.16,58.3 1 0
github.com/UFFeScience/akoflow/internal/infrastructure/kubernetes/runtime/kubernetes_runtime_service/monitor_get_logs_activity_service.go:60.2,60.48 1 1
github.com/UFFeScience/akoflow/internal/infrastructure/kubernetes/runtime/kubernetes_runtime_service/monitor_get_logs_activity_service.go:63.162,66.16 2 1
github.com/UFFeScience/akoflow/internal/infrastructure/kubernetes/runtime/kubernetes_runtime_service/monitor_get_logs_activity_service.go:66.16,68.3 1 0
github.com/UFFeScience/akoflow/internal/infrastructure/kubernetes/runtime/kubernetes_runtime_service/monitor_get_logs_activity_service.go:70.2,71.16 2 1
github.com/UFFeScience/akoflow/internal/infrastructure/kubernetes/runtime/kubernetes_runtime_service/monitor_get_logs_activity_service.go:71.16,73.3 1 0
github.com/UFFeScience/akoflow/internal/infrastructure/kubernetes/runtime/kubernetes_runtime_service/monitor_get_logs_activity_service.go:75.2,75.80 1 1
github.com/UFFeScience/akoflow/internal/infrastructure/kubernetes/runtime/kubernetes_runtime_service/monitor_get_metrics_activity_service.go:29.78,42.2 1 0
github.com/UFFeScience/akoflow/internal/infrastructure/kubernetes/runtime/kubernetes_runtime_service/monitor_get_metrics_activity_service.go:44.72,46.2 1 1
github.com/UFFeScience/akoflow/internal/infrastructure/kubernetes/runtime/kubernetes_runtime_service/monitor_get_metrics_activity_service.go:48.92,52.16 3 1
github.com/UFFeScience/akoflow/internal/infrastructure/kubernetes/runtime/kubernetes_runtime_service/monitor_get_metrics_activity_service.go:52.16,55.3 2 0
github.com/UFFeScience/akoflow/internal/infrastructure/kubernetes/runtime/kubernetes_runtime_service/monitor_get_metrics_activity_service.go:57.2,62.16 4 1
github.com/UFFeScience/akoflow/internal/infrastructure/kubernetes/runtime/kubernetes_runtime_service/monitor_get_metrics_activity_service.go:62.16,64.3 1 0
github.com/UFFeScience/akoflow/internal/infrastructure/kubernetes/runtime/kubernetes_runtime_service/monitor_get_metrics_activity_service.go:66.2,67.16 2 1
github.com/UFFeScience/akoflow/internal/infrastructure/kubernetes/runtime/kubernetes_runtime_service/monitor_get_metrics_activity_service.go:67.16,69.3 1 0
github.com/UFFeScience/akoflow/internal/infrastructure/kubernetes/runtime/kubernetes_runtime_service/monitor_get_metrics_activity_service.go:71.2,72.16 2 1
github.com/UFFeScience/akoflow/internal/infrastructure/kubernetes/runtime/kubernetes_runtime_service/monitor_get_metrics_activity_service.go:72.16,74.3 1 0
github.com/UFFeScience/akoflow/internal/infrastructure/kubernetes/runtime/kubernetes_runtime_service/monitor_get_metrics_activity_service.go:76.2,76.47 1 1
github.com/UFFeScience/akoflow/internal/infrastructure/kubernetes/runtime/kubernetes_runtime_service/monitor_get_metrics_activity_service.go:79.163,82.16 2 1
github.com/UFFeScience/akoflow/internal/infrastructure/kubernetes/runtime/kubernetes_runtime_service/monitor_get_metrics_activity_service.go:82.16,84.3 1 0
github.com/UFFeScience/akoflow/internal/infrastructure/kubernetes/runtime/kubernetes_runtime_service/monitor_get_metrics_activity_service.go:86.2,87.16 2 1
github.com/UFFeScience/akoflow/internal/infrastructure/kubernetes/runtime/kubernetes_runtime_service/monitor_get_metrics_activity_service.go:87.16,89.3 1 0
github.com/UFFeScience/akoflow/internal/infrastructure/kubernetes/runtime/kubernetes_runtime_service/monitor_get_metrics_activity_service.go:91.2,102.16 4 1
github.com/UFFeScience/akoflow/internal/infrastructure/kubernetes/runtime/kubernetes_runtime_service/monitor_get_metrics_activity_service.go:102.16,104.3 1 0
github.com/UFFeScience/akoflow/internal/infrastructure/kubernetes/runtime/kubernetes_runtime_service/monitor_get_metrics_activity_service.go:106.2,107.49 2 1
github.com/UFFeScience/akoflow/internal/infrastructure/kubernetes/runtime/kubernetes_runtime_service/monitor_get_metrics_activity_service.go:107.49,110.36 2 1
github.com/UFFeScience/akoflow/internal/infrastructure/kubernetes/runtime/kubernetes_runtime_service/monitor_get_metrics_activity_service.go:110.36,111.12 1 0
github.com/UFFeScience/akoflow/internal/infrastructure/kubernetes/runtime/kubernetes_runtime_service/monitor_get_metrics_activity_service.go:113.3,117.5 1 1
github.com/UFFeScience/akoflow/internal/infrastructure/kubernetes/runtime/kubernetes_runtime_service/monitor_verify_activity_was_finished_service.go:29.120,32.2 2 1
github.com/UFFeScience/akoflow/internal/infrastructure/kubernetes/runtime/kubernetes_runtime_service/monitor_verify_activity_was_finished_service.go:34.127,37.2 2 1
github.com/UFFeScience/akoflow/internal/infrastructure/kubernetes/runtime/kubernetes_runtime_service/monitor_verify_activity_was_finished_service.go:39.92,49.2 1 0
github.com/UFFeScience/akoflow/internal/infrastructure/kubernetes/runtime/kubernetes_runtime_service/monitor_verify_activity_was_finished_service.go:51.97,52.46 1 1
github.com/UFFeScience/akoflow/internal/infrastructure/kubernetes/runtime/kubernetes_runtime_service/monitor_verify_activity_was_finished_service.go:52.46,53.89 1 1
github.com/UFFeScience/akoflow/internal/infrastructure/kubernetes/runtime/kubernetes_runtime_service/monitor_verify_activity_was_finished_service.go:53.89,55.4 1 0
github.com/UFFeScience/akoflow/internal/infrastructure/kubernetes/runtime/kubernetes_runtime_service/monitor_verify_activity_was_finished_service.go:58.2,58.46 1 1
github.com/UFFeScience/akoflow/internal/infrastructure/kubernetes/runtime/kubernetes_runtime_service/monitor_verify_activity_was_finished_service.go:58.46,60.3 1 1
github.com/UFFeScience/akoflow/internal/infrastructure/kubernetes/runtime/kubernetes_runtime_service/monitor_verify_activity_was_finished_service.go:63.173,68.16 3 1
github.com/UFFeScience/akoflow/internal/infrastructure/kubernetes/runtime/kubernetes_runtime_service/monitor_verify_activity_was_finished_service.go:68.16,70.3 1 1
github.com/UFFeScience/akoflow/internal/infrastructure/kubernetes/runtime/kubernetes_runtime_service/monitor_verify_activity_was_finished_service.go:72.2,74.54 2 1
github.com/UFFeScience/akoflow/internal/infrastructure/kubernetes/runtime/kubernetes_runtime_service/monitor_verify_activity_was_finished_service.go:74.54,81.3 4 1
github.com/UFFeScience/akoflow/internal/infrastructure/kubernetes/runtime/kubernetes_runtime_service/monitor_verify_activity_was_finished_service.go:82.2,82.16 1 1
github.com/UFFeScience/akoflow/internal/infrastructure/kubernetes/runtime/kubernetes_runtime_service/monitor_verify_activity_was_finished_service.go:82.16,85.3 2 1
github.com/UFFeScience/akoflow/internal/infrastructure/kubernetes/runtime/kubernetes_runtime_service/monitor_verify_activity_was_finished_service.go:87.2,87.36 1 1
github.com/UFFeScience/akoflow/internal/infrastructure/kubernetes/runtime/kubernetes_runtime_service/monitor_verify_activity_was_finished_service.go:87.36,89.3 1 1
github.com/UFFeScience/akoflow/internal/infrastructure/kubernetes/runtime/kubernetes_runtime_service/monitor_verify_activity_was_finished_service.go:91.2,91.39 1 1
github.com/UFFeScience/akoflow/internal/infrastructure/kubernetes/runtime/kubernetes_runtime_service/monitor_verify_activity_was_finished_service.go:91.39,95.3 3 1
github.com/UFFeScience/akoflow/internal/infrastructure/kubernetes/runtime/kubernetes_runtime_service/monitor_verify_activity_was_finished_service.go:97.2,97.37 1 1
github.com/UFFeScience/akoflow/internal/infrastructure/kubernetes/runtime/kubernetes_runtime_service/monitor_verify_activity_was_finished_service.go:97.37,102.3 4 1
github.com/UFFeScience/akoflow/internal/infrastructure/kubernetes/runtime/kubernetes_runtime_service/monitor_verify_activity_was_finished_service.go:106.2,106.36 1 1
github.com/UFFeScience/akoflow/internal/infrastructure/kubernetes/runtime/kubernetes_runtime_service/monitor_verify_activity_was_finished_service.go:106.36,114.3 6 1
github.com/UFFeScience/akoflow/internal/infrastructure/kubernetes/runtime/kubernetes_runtime_service/monitor_verify_activity_was_finished_service.go:116.2,116.43 1 0
github.com/UFFeScience/akoflow/internal/infrastructure/kubernetes/runtime/kubernetes_runtime_service/monitor_verify_activity_was_finished_service.go:120.170,127.62 4 1
github.com/UFFeScience/akoflow/internal/infrastructure/kubernetes/runtime/kubernetes_runtime_service/monitor_verify_activity_was_finished_service.go:127.62,129.3 1 1
github.com/UFFeScience/akoflow/internal/infrastructure/kubernetes/runtime/kubernetes_runtime_service/monitor_verify_activity_was_finished_service.go:131.2,131.61 1 1
github.com/UFFeScience/akoflow/internal/infrastructure/kubernetes/runtime/kubernetes_runtime_service/monitor_verify_activity_was_finished_service.go:131.61,133.3 1 1
github.com/UFFeScience/akoflow/internal/infrastructure/kubernetes/runtime/kubernetes_runtime_service/monitor_verify_activity_was_finished_service.go:135.2,136.34 2 1
github.com/UFFeScience/akoflow/internal/infrastructure/kubernetes/runtime/kubernetes_runtime_service/monitor_verify_activity_was_finished_service.go:136.34,138.3 1 1
github.com/UFFeScience/akoflow/internal/infrastructure/kubernetes/runtime/kubernetes_runtime_service/monitor_verify_activity_was_finished_service.go:139.2,139.40 1 1
github.com/UFFeScience/akoflow/internal/infrastructure/kubernetes/runtime/kubernetes_runtime_service/monitor_verify_activity_was_finished_service.go:139.40,141.3 1 1
github.com/UFFeScience/akoflow/internal/infrastructure/kubernetes/runtime/kubernetes_runtime_service/monitor_verify_activity_was_finished_service.go:143.2,145.36 2 1
github.com/UFFeScience/akoflow/internal/infrastructure/kubernetes/runtime/kubernetes_runtime_service/monitor_verify_activity_was_finished_service.go:145.36,147.3 1 1
github.com/UFFeScience/akoflow/internal/infrastructure/kubernetes/runtime/kubernetes_runtime_service/monitor_verify_activity_was_finished_service.go:149.2,149.39 1 1
github.com/UFFeScience/akoflow/internal/infrastructure/kubernetes/runtime/kubernetes_runtime_service/monitor_verify_activity_was_finished_service.go:149.39,153.3 3 1
github.com/UFFeScience/akoflow/internal/infrastructure/kubernetes/runtime/kubernetes_runtime_service/monitor_verify_activity_was_finished_service.go:155.2,155.37 1 1
github.com/UFFeScience/akoflow/internal/infrastructure/kubernetes/runtime/kubernetes_runtime_service/monitor_verify_activity_was_finished_service.go:155.37,159.3 3 1
github.com/UFFeScience/akoflow/internal/infrastructure/kubernetes/runtime/kubernetes_runtime_service/monitor_verify_activity_was_finished_service.go:163.2,163.36 1 1
github.com/UFFeScience/akoflow/internal/infrastructure/kubernetes/runtime/kubernetes_runtime_service/monitor_verify_activity_was_finished_service.go:163.36,169.3 4 1
github.com/UFFeScience/akoflow/internal/infrastructure/kubernetes/runtime/kubernetes_runtime_service/monitor_verify_activity_was_finished_service.go:171.2,171.43 1 0
github.com/UFFeScience/akoflow/internal/infrastructure/kubernetes/runtime/kubernetes_runtime_service/monitor_verify_activity_was_finished_service.go:175.152,178.16 2 1
github.com/UFFeScience/akoflow/internal/infrastructure/kubernetes/runtime/kubernetes_runtime_service/monitor_verify_activity_was_finished_service.go:178.16,181.3 2 0
github.com/UFFeScience/akoflow/internal/infrastructure/kubernetes/runtime/kubernetes_runtime_service/monitor_verify_activity_was_finished_service.go:183.2,188.85 4 1
github.com/UFFeScience/akoflow/internal/infrastructure/kubernetes/runtime/kubernetes_runtime_service/run_preactivity_service.go:26.55,38.2 1 0
github.com/UFFeScience/akoflow/internal/infrastructure/kubernetes/runtime/kubernetes_runtime_service/run_preactivity_service.go:40.82,45.28 3 0
github.com/UFFeScience/akoflow/internal/infrastructure/kubernetes/runtime/kubernetes_runtime_service/run_preactivity_service.go:45.28,47.3 1 0
github.com/UFFeScience/akoflow/internal/infrastructure/kubernetes/runtime/kubernetes_runtime_service/run_preactivity_service.go:49.2,51.16 2 0
github.com/UFFeScience/akoflow/internal/infrastructure/kubernetes/runtime/kubernetes_runtime_service/run_preactivity_service.go:51.16,53.3 1 0
github.com/UFFeScience/akoflow/internal/infrastructure/kubernetes/runtime/kubernetes_runtime_service/run_preactivity_service.go:55.2,55.63 1 0
github.com/UFFeScience/akoflow/internal/infrastructure/kubernetes/runtime/kubernetes_runtime_service/run_preactivity_service.go:55.63,57.3 1 0
github.com/UFFeScience/akoflow/internal/infrastructure/kubernetes/runtime/kubernetes_runtime_service/run_preactivity_service.go:59.2,59.64 1 0
github.com/UFFeScience/akoflow/internal/infrastructure/kubernetes/runtime/kubernetes_runtime_service/run_preactivity_service.go:59.64,61.3 1 0
github.com/UFFeScience/akoflow/internal/infrastructure/kubernetes/runtime/kubernetes_runtime_service/run_preactivity_service.go:63.2,65.19 2 0
github.com/UFFeScience/akoflow/internal/infrastructure/kubernetes/runtime/kubernetes_runtime_service/run_preactivity_service.go:68.197,73.16 3 0
github.com/UFFeScience/akoflow/internal/infrastructure/kubernetes/runtime/kubernetes_runtime_service/run_preactivity_service.go:73.16,77.3 2 0
github.com/UFFeScience/akoflow/internal/infrastructure/kubernetes/runtime/kubernetes_runtime_service/run_preactivity_service.go:79.2,94.73 7 0
github.com/UFFeScience/akoflow/internal/infrastructure/kubernetes/runtime/kubernetes_runtime_service/worker_run_activity_distributed_service.go:21.120,24.2 2 0
github.com/UFFeScience/akoflow/internal/infrastructure/kubernetes/runtime/kubernetes_runtime_service/worker_run_activity_distributed_service.go:26.155,29.2 2 0
github.com/UFFeScience/akoflow/internal/infrastructure/kubernetes/runtime/kubernetes_runtime_service/worker_run_activity_distributed_service.go:31.86,33.2 1 0
github.com/UFFeScience/akoflow/internal/infrastructure/kubernetes/runtime/kubernetes_runtime_service/worker_run_activity_distributed_service.go:35.113,37.2 1 0
github.com/UFFeScience/akoflow/internal/infrastructure/kubernetes/runtime/kubernetes_runtime_service/worker_run_activity_distributed_service.go:39.84,46.2 1 0
github.com/UFFeScience/akoflow/internal/infrastructure/kubernetes/runtime/kubernetes_runtime_service/worker_run_activity_distributed_service.go:48.77,51.2 2 0
github.com/UFFeScience/akoflow/internal/infrastructure/kubernetes/runtime/kubernetes_runtime_service/worker_run_activity_distributed_service.go:53.91,62.45 4 0
github.com/UFFeScience/akoflow/internal/infrastructure/kubernetes/runtime/kubernetes_runtime_service/worker_run_activity_distributed_service.go:62.45,64.3 1 0
github.com/UFFeScience/akoflow/internal/infrastructure/kubernetes/runtime/kubernetes_runtime_service/worker_run_activity_distributed_service.go:66.2,66.36 1 0
github.com/UFFeScience/akoflow/internal/infrastructure/kubernetes/runtime/kubernetes_runtime_service/worker_run_activity_service.go:19.68,25.2 2 0
github.com/UFFeScience/akoflow/internal/infrastructure/kubernetes/runtime/kubernetes_runtime_service/worker_run_activity_standalone_service.go:22.119,25.2 2 0
github.com/UFFeScience/akoflow/internal/infrastructure/kubernetes/runtime/kubernetes_runtime_service/worker_run_activity_standalone_service.go:27.154,30.2 2 0
github.com/UFFeScience/akoflow/internal/infrastructure/kubernetes/runtime/kubernetes_runtime_service/worker_run_activity_standalone_service.go:32.85,35.2 1 0
github.com/UFFeScience/akoflow/internal/infrastructure/kubernetes/runtime/kubernetes_runtime_service/worker_run_activity_standalone_service.go:37.112,39.2 1 0
github.com/UFFeScience/akoflow/internal/infrastructure/kubernetes/runtime/kubernetes_runtime_service/worker_run_activity_standalone_service.go:41.82,49.2 1 0
github.com/UFFeScience/akoflow/internal/infrastructure/kubernetes/runtime/kubernetes_runtime_service/worker_run_activity_standalone_service.go:51.76,54.2 2 0
github.com/UFFeScience/akoflow/internal/infrastructure/kubernetes/runtime/kubernetes_runtime_service/worker_run_activity_standalone_service.go:56.90,62.42 4 0
github.com/UFFeScience/akoflow/internal/infrastructure/kubernetes/runtime/kubernetes_runtime_service/worker_run_activity_standalone_service.go:62.42,65.3 2 0
github.com/UFFeScience/akoflow/internal/infrastructure/kubernetes/runtime/kubernetes_runtime_service/worker_run_activity_standalone_service.go:67.2,67.18 1 0
github.com/UFFeScience/akoflow/internal/infrastructure/kubernetes/runtime/kubernetes_runtime_service/worker_run_activity_standalone_service.go:67.18,70.3 2 0
github.com/UFFeScience/akoflow/internal/infrastructure/kubernetes/runtime/kubernetes_runtime_service/worker_run_activity_standalone_service.go:72.2,75.13 3 0
